"ident","Family","SpeciesCode","Taxon","use4biomass","Zoogeog","Targeted","Synonym","Trophic7","Trophic9","Trophic5","Consumer","Endemic","Mobility","MaxSize","MaxSize_WoRMS","MaxSize_FishBase","MaxSize_Randall_2005","MaxSize_Hoover1993_Allen2012_IUCN","MaxSize_touse","Count_max_from_CRED","Aquarium.Species","Resource.Species","Harvested.Species","loga.final","ab.SEa","ab.SEb","a.pval","b.pval","ab.n","ab.R2","ab.pval","ab.sigma","corr.fact","a.final","b.final","lw_source","l.type","use4diversity","trophic_otp.x","trophic_otp.y"
1,"Pomacentridae","ABAB","Abudefduf abdominalis",1,8,"N","","Z","Z","Z","SECONDARY",1,"S1","20","30","30","18","did_not_look",30,300,FALSE,TRUE,TRUE,-4.06057523,0.058490683,-24.07987851,1.58e-52,1.31e-95,147,0.94902121,1.31e-95,0.12410194,1.007730372,0.017372364,3.038882389,"donovan","TL",1,"S","S"
2,"Pomacentridae","ABSO","Abudefduf sordidus",1,2,"N","","H","Hother","H","PRIMARY",0,"S1","20","24","24","24","did_not_look",24,300,FALSE,FALSE,FALSE,-1.759774349,0.081996324,-8.79883993,4.95e-13,1.29e-46,74,0.943313844,1.29e-46,0.128143639,1.008244194,0.173502382,2.838247289,"donovan","TL",1,"S","S"
3,"Pomacentridae","ABVA","Abudefduf vaigiensis",1,2,"N","","Z","Z","Z","SECONDARY",0,"S1","17","20","20","18","did_not_look",20,300,FALSE,FALSE,FALSE,NA,NA,NA,NA,NA,NA,NA,NA,NA,NA,0.00989,3.267,"fishbase48600","TL",1,"S","S"
4,"Acanthuridae","ACAC","Acanthurus achilles",1,2,"Y","","H","Hgd","H","PRIMARY",0,"S1","45","24","24","25","did_not_look",25,20,TRUE,TRUE,TRUE,-4.74143465,0.050945148,-33.94503757,3.7e-37,1.23e-51,54,0.988012526,1.23e-51,0.088882359,1.003957849,0.008760655,3.335200095,"donovan","TL",1,"Hgd","Hgd"
5,"Acanthuridae","ACBL","Acanthurus blochii",1,2,"Y","A. mata","H","Hgd","H","PRIMARY",0,"S2","35","45","45","42","did_not_look",45,20,FALSE,TRUE,TRUE,NA,NA,NA,NA,NA,NA,NA,NA,NA,NA,0.02506,3.03193,"fishbase55787","FL",1,"Hgd","Hgd"
6,"Acanthuridae","ACDU","Acanthurus dussumieri",1,2,"Y","","H","Hgd","H","PRIMARY",0,"S2","50","54","54","54","did_not_look",54,20,TRUE,TRUE,TRUE,-0.488130366,0.266249294,-0.574494092,0.574749289,1e-06,16,0.828216507,1e-06,0.366166234,1.069337027,0.656330038,2.187427712,"donovan","TL",1,"Hgd","Hgd"
7,"Acanthuridae","ACGU","Acanthurus guttatus",1,2,"Y","","H","Hgd","H","PRIMARY",0,"S2","25","26","26","28","did_not_look",28,20,FALSE,TRUE,TRUE,NA,NA,NA,NA,NA,NA,NA,NA,NA,NA,0.0029,3,"fishbase30504","TL",1,"Hgd","Hgd"
8,"Acanthuridae","ACLE","Acanthurus leucopareius",1,5,"Y","","H","Hgd","H","PRIMARY",0,"S2","23","25","25","25","did_not_look",25,70,FALSE,TRUE,TRUE,NA,NA,NA,NA,NA,NA,NA,NA,NA,NA,0.00284,3,"fishbase30505","TL",1,"Hgd","Hgd"
9,"Acanthuridae","","Acanthurus lineatus",1,2,"Y","","H","Hother","H","PRIMARY",0,"S1","33","38","38","38","did_not_look",38,20,FALSE,FALSE,FALSE,NA,NA,NA,NA,NA,NA,NA,NA,NA,NA,0.0167,2.97,"fishbase.bayes","TL",1,"Hgd","Hgd"
10,"Acanthuridae","","Acanthurus maculiceps",1,2,"Y","","H","Hother","H","PRIMARY",0,"S1","40","40","40","40","did_not_look",40,20,FALSE,FALSE,FALSE,NA,NA,NA,NA,NA,NA,NA,NA,NA,NA,0.02246,2.96,"fishbase.bayes","TL",1,"Hgd","Hgd"
11,"Acanthuridae","ACNC","Acanthurus nigricans",1,2,"Y","","H","Hgd","H","PRIMARY",0,"S1","21","22","22","22","did_not_look",22,20,TRUE,FALSE,FALSE,NA,NA,NA,NA,NA,NA,NA,NA,NA,NA,0.067,2.669,"fishabse3807","TL",1,"Hgd","Hgd"
12,"Acanthuridae","ACNF","Acanthurus nigrofuscus",1,2,"N","","H","Hgd","H","PRIMARY",0,"S1","20","21","21","21","did_not_look",21,30,TRUE,FALSE,FALSE,-5.082138948,0.099074354,-18.94936286,6.9e-32,6.14e-50,85,0.930924465,6.14e-50,0.102423446,1.005259062,0.00623926,3.313564169,"donovan","TL",1,"Hgd","Hgd"
13,"Acanthuridae","ACNR","Acanthurus nigroris",1,2,"Y","","H","Hgd","H","PRIMARY",1,"S2","20","25","25","25","did_not_look",25,20,FALSE,TRUE,TRUE,-3.756586376,0.062881469,-20.43640383,8.7e-54,2.65e-120,234,0.904496109,2.65e-120,0.151920142,1.011606706,0.02363453,2.947538533,"donovan","TL",1,"Hgd","Hgd"
14,"Acanthuridae","ACOL","Acanthurus olivaceus",1,2,"Y","","H","Hgd","H","PRIMARY",0,"S2","30","35","35","35","did_not_look",35,20,TRUE,TRUE,TRUE,-4.966300686,0.065506771,-23.98194887,5.13e-53,8.19e-94,151,0.941621134,8.19e-94,0.221376269,1.02480641,0.007141753,3.211364479,"donovan","TL",1,"Hgd","Hgd"
15,"Acanthuridae","ACSP","Acanthurus species",1,2,"N","","H","Hother","H","PRIMARY",0,"S1","60","70","70","63","did_not_look",70,20,FALSE,FALSE,FALSE,NA,NA,NA,NA,NA,NA,NA,NA,NA,NA,0.02803,2.98288,"Kulbicki 2005","FL",0,"Hgd","Hgd"
16,"Acanthuridae","ACTH","Acanthurus thompsoni",1,2,"N","","Z","Z","Z","SECONDARY",0,"S1","20","27","27","27","did_not_look",27,60,TRUE,FALSE,FALSE,NA,NA,NA,NA,NA,NA,NA,NA,NA,NA,0.0153,3,"fishbase30504","TL",1,"S","S"
17,"Acanthuridae","ACTR","Acanthurus triostegus",1,2,"Y","","H","Hgd","H","PRIMARY",0,"S2","22","27","27","27","did_not_look",27,300,FALSE,TRUE,TRUE,-4.083965421,0.053486165,-27.718936,4.09e-75,6.96e-139,231,0.936258123,6.96e-139,0.128553419,1.008297223,0.016980283,3.102019877,"donovan","TL",1,"Hgd","Hgd"
18,"Acanthuridae","ACXA","Acanthurus xanthopterus",1,2,"Y","","H","Hgd","H","PRIMARY",0,"S2","55","70","70","63","did_not_look",70,20,FALSE,TRUE,TRUE,NA,NA,NA,NA,NA,NA,NA,NA,NA,NA,0.02673,2.98449,"Kulbicki 2005","FL",1,"Hgd","Hgd"
19,"Myliobatidae","ATNA","Aetobatus ocellatus",0,1,"N","Aetobatus narinari","MI","MI","S","SECONDARY",0,"T","220","330","330","230","did_not_look",330,10,FALSE,FALSE,FALSE,NA,NA,NA,NA,NA,NA,NA,NA,NA,NA,0.0059,3.13,"fishbase","WD",1,NA,NA
20,"Albulidae","ALGL","Albula glossodonta",1,2,"Y","","MI","MI","S","SECONDARY",0,"T","90","90","90","70","did_not_look",90,5,FALSE,TRUE,TRUE,NA,NA,NA,NA,NA,NA,NA,NA,NA,NA,0.010187,3.064,"ferl","FL",1,"S","S"
21,"Carangidae","","Alectis ciliaris",1,1,"Y","","P","P","APEX","PRIMARY",0,"T","90","150","150","130","did_not_look",150,10,FALSE,TRUE,TRUE,NA,NA,NA,NA,NA,NA,NA,NA,NA,NA,0.0412,2.85,"fishbase","TL",1,"P","P"
22,"Monacanthidae","ALSC","Aluterus scriptus",1,1,"Y","","H","Hother","H","PRIMARY",0,"S2","100","110","110","75","did_not_look",110,5,FALSE,TRUE,TRUE,NA,NA,NA,NA,NA,NA,NA,NA,NA,NA,0.0022,3,"cred","TL",1,"S","S"
23,"Cirrhitidae","AMBI","Amblycirrhitus bimacula",1,2,"N","","MI","MI","S","SECONDARY",0,"R","8","9","9","9","did_not_look",9,10,FALSE,FALSE,FALSE,-5.281449384,0.133223612,-22.18528435,1.48e-15,3.36e-17,22,0.973239489,3.36e-17,0.133059202,1.008891674,0.00513027,3.593013628,"donovan","TL",1,"S","S"
24,"Ammodytidae","","Ammodytoides pylei",0,8,"N","","SI","SI","S","SECONDARY",1,"S2","100","18","18","na","na",18,100.1,FALSE,FALSE,FALSE,NA,NA,NA,NA,NA,NA,NA,NA,NA,NA,0.00281,3.12,"fishbase.bayes","TL",1,NA,NA
25,"Labridae","ANCH","Anampses chrysocephalus",1,8,"N","","MI","MI","S","SECONDARY",1,"S1","20","17","17","na","18",18,20,TRUE,FALSE,FALSE,NA,NA,NA,NA,NA,NA,NA,NA,NA,NA,0.01693,2.84,"fishbase.bayes","TL",1,"S","S"
26,"Labridae","ANCU","Anampses cuvier",1,8,"Y","","MI","MI","S","SECONDARY",1,"S1","35","31","31","42","did_not_look",42,20,FALSE,TRUE,TRUE,-4.11190502,0.031735122,-42.65835947,5.84e-89,3.59e-142,161,0.982787044,3.59e-142,0.093918486,1.004420081,0.016448933,3.023714061,"donovan","TL",1,"S","S"
27,"Labridae","","Anampses species",1,8,"N","","MI","MI","S","SECONDARY",1,"S1","40","31","31","42","did_not_look",42,20,FALSE,FALSE,FALSE,NA,NA,NA,NA,NA,NA,NA,NA,NA,NA,0.016448933,3.023714061,"used ANCU","TL",0,"S","S"
29,"Antennariidae","ANDR","Antennarius coccineus",1,8,"N","","P","P","P","SECONDARY",1,"R","60","13","13","12","did_not_look",13,5,FALSE,FALSE,FALSE,-3.279672599,0.101952478,-16.53824948,5.32e-20,1.31e-30,44,0.95830689,1.31e-30,0.242093936,1.029738346,0.038759947,3.167689377,"donovan","TL",1,"P","P"
28,"Antennariidae","ANCO","Antennarius commerson",1,2,"N","","P","P","P","SECONDARY",0,"R","60","45","45","38","did_not_look",45,2,FALSE,FALSE,FALSE,NA,NA,NA,NA,NA,NA,NA,NA,NA,NA,0.02,3.01,"fishbase.bayes","TL",1,"P","P"
29.1,"Antennariidae","ANPI","Antennarius pictus",1,8,"N","","P","P","P","SECONDARY",0,"R","30","30","30","did_not_look","did_not_look",30,5,FALSE,FALSE,FALSE,-3.279672599,0.101952478,-16.53824948,5.32e-20,1.31e-30,44,0.95830689,1.31e-30,0.242093936,1.029738346,0.038759947,3.167689377,"donovan","TL",1,NA,NA
29.2,"Antennariidae","ANSP","Antennarius species",1,8,"N","","P","P","P","SECONDARY",0,"R","60","45","45","38","did_not_look",45,5,FALSE,FALSE,FALSE,-3.279672599,0.101952478,-16.53824948,5.32e-20,1.31e-30,44,0.95830689,1.31e-30,0.242093936,1.029738346,0.038759947,3.167689377,"donovan","TL",0,NA,NA
30,"Anthias (Serranid)","","Anthias species",1,8,"N","","Z","Z","Z","SECONDARY",1,"S1","10","22","22","13","did_not_look",22,3001,FALSE,FALSE,FALSE,NA,NA,NA,NA,NA,NA,NA,NA,NA,NA,0.01369,3.14874,"FB value for PSPA","TL",0,"S","S"
31,"Lutjanidae","APFU","Aphareus furca",1,2,"Y","Aphareus furcatus","P","P","P","SECONDARY",0,"T","35","70","70","55","did_not_look",70,50,FALSE,TRUE,TRUE,NA,NA,NA,NA,NA,NA,NA,NA,NA,NA,0.0105,3,"fishbase","TL",1,"P","P"
32,"Apogonidae","APER","Apogon erythrinus",1,8,"N","","MI","MI","S","SECONDARY",1,"R","10","4","4","6","did_not_look",6,15.1,FALSE,FALSE,FALSE,NA,NA,NA,NA,NA,NA,NA,NA,NA,NA,0.0126,3.15,"fishbase.bayes","TL",1,"S","S"
35,"Apogonidae","","Apogon species",1,2,"N","","MI","MI","S","SECONDARY",0,"R","10","20","20","20","did_not_look",20,15,FALSE,FALSE,FALSE,NA,NA,NA,NA,NA,NA,NA,NA,NA,NA,0.01545,3.12126,"Kulbicki 2005","FL",0,"S","S"
36,"Apogonidae","APPE","Apogonichthys perdix",1,2,"N","","MI","MI","S","SECONDARY",0,"R","4","6","6","6","did_not_look",6,15,FALSE,FALSE,FALSE,NA,NA,NA,NA,NA,NA,NA,NA,NA,NA,0.01171,3.08,"fishbase.bayes","TL",1,"S","S"
37,"Pomacanthidae","DEAR","Apolemichthys arcuatus",1,8,"N","","SI","SI","S","SECONDARY",1,"S1","25","18","18","na","na",18,15,FALSE,FALSE,FALSE,NA,NA,NA,NA,NA,NA,NA,NA,NA,NA,0.0669,2.724,"Kublicki Pomacanthus sextriatus","FL",1,"S","S"
38,"Lutjanidae","APVI","Aprion virescens",1,2,"Y","","P","P","APEX","APEX",0,"T","100","112","112","110","did_not_look",112,30,FALSE,TRUE,TRUE,-2.917556282,0.075155166,-10.37193341,5.25e-16,1.31e-49,75,0.951171644,1.31e-49,0.168750231,1.014340168,0.054840958,2.834090163,"donovan","TL",1,"P","P"
39,"Congridae","","Ariosoma fasciatum",1,2,"N","Poeciloconger fasciatus","P","P","S","SECONDARY",0,"R","60","60","60","60","did_not_look",60,2.1,FALSE,FALSE,FALSE,NA,NA,NA,NA,NA,NA,NA,NA,NA,NA,0.00072,3.16,"fishbase.bayes","TL",1,"S","S"
40,"Tetraodontidae","ARHI","Arothron hispidus",1,2,"N","","MI","MI","S","SECONDARY",0,"S1","45","50","50","48","did_not_look",50,3,FALSE,FALSE,FALSE,NA,NA,NA,NA,NA,NA,NA,NA,NA,NA,0.036,2.89,"fishbase.bayes","TL",1,"S","S"
41,"Tetraodontidae","ARME","Arothron meleagris",1,2,"N","","C","C","S","SECONDARY",0,"S1","45","50","50","32","did_not_look",50,3,FALSE,FALSE,FALSE,-0.546299403,0.190818643,-1.096502378,0.283309352,1.02e-12,27,0.873296515,1.02e-12,0.215547282,1.023502241,0.592698709,2.504825019,"donovan","TL",1,"S","S"
42,"Gobiidae","ASSE","Asterropteryx semipunctata",1,2,"N","","SI","SI","S","SECONDARY",0,"S1","6","7","7","7","did_not_look",7,10,FALSE,FALSE,FALSE,NA,NA,NA,NA,NA,NA,NA,NA,NA,NA,0.0264,2.623,"Kulbicki Gobiidae mean","FL",0,"S","S"
43,"Atherinidae","ATIN","Atherinomorus insularum",1,8,"N","","Z","Z","Z","SECONDARY",1,"T","10","10","10","13","did_not_look",13,2,FALSE,FALSE,FALSE,NA,NA,NA,NA,NA,NA,NA,NA,NA,NA,0.0059,3.09,"fishbase.bayes","TL",1,"S","S"
44,"Aulostomidae","AUCH","Aulostomus chinensis",1,2,"N","","P","P","P","SECONDARY",0,"S2","65","80","80","76","did_not_look",80,3,FALSE,FALSE,FALSE,-7.935811197,0.025497493,-89.22622451,2.65e-179,8.42e-219,230,0.987461461,8.42e-219,0.154827208,1.012057849,0.000362015,3.416658064,"donovan","TL",1,"P","P"
45,"Balistidae","BAPO","Balistes polylepis",1,7,"N","","MI","MI","S","SECONDARY",0,"T","80","76","76","76","did_not_look",76,25,FALSE,FALSE,FALSE,NA,NA,NA,NA,NA,NA,NA,NA,NA,NA,0.023,2.91,"fishbase.bayes","TL",1,"S","S"
46,"Balistidae","","Balistes species",1,2,"N","","MI","MI","S","SECONDARY",0,"S2","61","76","76","76","did_not_look",76,25,FALSE,FALSE,FALSE,NA,NA,NA,NA,NA,NA,NA,NA,NA,NA,0.00721,3.21275,"Kulbicki 2005","FL",0,"S","S"
47,"Gobiidae","","Bathygobius cocosensis",1,2,"N","","SI","SI","S","SECONDARY",0,"R","10","12","12","8","did_not_look",12,10.1,FALSE,FALSE,FALSE,NA,NA,NA,NA,NA,NA,NA,NA,NA,NA,0.008,3.06,"fishbase.bayes","TL",0,"S","S"
48,"Belonidae","","Belonidae species",0,2,"N","","P","P","P","SECONDARY",0,"T","20","150","150","135","did_not_look",150,10,FALSE,FALSE,FALSE,NA,NA,NA,NA,NA,NA,NA,NA,NA,NA,0.00075,3.20315,"Kulbicki 2005","FL",0,"P","P"
49,"Blenniidae","BLGI","Blenniella gibbifrons",1,2,"N","","H","Hother","H","PRIMARY",0,"R","12","12","12","13","did_not_look",13,40.1,FALSE,FALSE,FALSE,NA,NA,NA,NA,NA,NA,NA,NA,NA,NA,0.01107,2.97,"fishbase.bayes","TL",0,"S","S"
50,"Blenniidae","BLSP","Blenniidae species",1,2,"N","","H","Hother","H","PRIMARY",0,"R","15","20","20","15","did_not_look",20,40,FALSE,FALSE,FALSE,NA,NA,NA,NA,NA,NA,NA,NA,NA,NA,0.00218,3.90064,"Kulbicki 2005","FL",0,"S","S"
51,"Labridae","BOBI","Bodianus albotaeniatus",1,8,"Y","","MI","MI","S","SECONDARY",1,"S2","50","33","33","55","did_not_look",55,20,FALSE,TRUE,TRUE,-3.883472856,0.016103243,-73.33275338,1.21e-256,0,464,0.986469003,0,0.115525446,1.006695379,0.020717018,2.955365321,"donovan","TL",1,"S","S"
376,"Labridae","","Bodianus axillaris",1,2,"N","","MI","MI","S","SECONDARY",0,"S2","20","20","20","20","did_not_look",20,20.1,FALSE,FALSE,FALSE,NA,NA,NA,NA,NA,NA,NA,NA,NA,NA,0.01349,3.05,"fishbase.bayes","TL",1,"S","S"
51.5,"Labridae","BOSA","Bodianus sanguineus",1,8,"N","","MI","MI","S","SECONDARY",1,"S2","na","19","19","did_not_look","did_not_look",19,4,FALSE,FALSE,FALSE,NA,NA,NA,NA,NA,NA,NA,NA,NA,NA,0.00389,3.12,"fishbase.bayes","TL",1,NA,NA
52,"Bothidae","BOMA","Bothus mancus",1,2,"N","","MI","MI","S","SECONDARY",0,"S1","45","na","51","48","did_not_look",51,2,FALSE,FALSE,FALSE,-4.300632542,0.093373873,-18.28230056,1.84e-17,4.09e-24,31,0.972199191,4.09e-24,0.25326647,1.0325918,0.014001923,2.973536551,"donovan","TL",1,"S","S"
53,"Bothidae","BOPA","Bothus pantherinus",1,2,"N","","MI","MI","S","SECONDARY",0,"S1","40","39","39","30","did_not_look",39,2.1,FALSE,FALSE,FALSE,-4.790718623,0.124131692,-16.09559707,2.64e-11,2.55e-14,18,0.975533516,2.55e-14,0.158193158,1.012591147,0.008411074,3.13529194,"donovan","TL",1,"S","S"
54,"Bothidae","","Bothus species",1,2,"N","","MI","MI","S","SECONDARY",0,"S1","20","39","52","48","did_not_look",52,2,FALSE,FALSE,FALSE,NA,NA,NA,NA,NA,NA,NA,NA,NA,NA,0.00721,3.21275,"Kulbicki 2005","FL",0,"S","S"
55,"Ophidiidae","BRMU","Brotula multibarbata",1,2,"N","","MI","MI","S","SECONDARY",0,"S1","35","100","100","60","did_not_look",100,5,FALSE,FALSE,FALSE,-5.270084834,0.111945674,-15.6393643,4.67e-15,1.18e-21,29,0.96764388,1.18e-21,0.146383737,1.010771701,0.005198575,3.181037272,"donovan","TL",1,"S","S"
56,"Callionymidae","","Callionymus comptus",1,8,"N","","MI","MI","S","SECONDARY",1,"S1","7","3","3","na","na",3,5.1,FALSE,FALSE,FALSE,NA,NA,NA,NA,NA,NA,NA,NA,NA,NA,0.0104,2.89,"fishbase.bayes","TL",1,"S","S"
57,"Callionymidae","CADE","Callionymus decoratus",1,8,"N","","MI","MI","S","SECONDARY",1,"S1","7","21","21","na","na",21,5.1,FALSE,FALSE,FALSE,NA,NA,NA,NA,NA,NA,NA,NA,NA,NA,0.01038,2.89,"fishbase.bayes","TL",1,"S","S"
59,"Scaridae","CACA","Calotomus carolinus",1,2,"Y","","H","Hbrow","H","PRIMARY",0,"S2","55","54","54","50","did_not_look",54,30,FALSE,TRUE,TRUE,NA,NA,NA,NA,NA,NA,NA,NA,NA,NA,0.0131,3.07,"fishbase.bayes","TL",1,"Hbrow","Hbrow"
58,"Scaridae","","Calotomus species",1,2,"Y","","H","Hother","H","SECONDARY",0,"S2","60","54","54","50","did_not_look",54,30,FALSE,TRUE,TRUE,NA,NA,NA,NA,NA,NA,NA,NA,NA,NA,0.016525,3.04,"avg CACA CAZO","TL",0,"Hbrow","Hbrow"
60,"Scaridae","CAZO","Calotomus zonarchus",1,8,"Y","","H","Hbrow","H","PRIMARY",1,"S2","50","33","33","na","31",33,30,FALSE,TRUE,TRUE,NA,NA,NA,NA,NA,NA,NA,NA,NA,NA,0.01995,3.01,"fishbase.bayes","TL",1,"Hbrow","Hbrow"
61,"Monacanthidae","CADU","Cantherhines dumerilii",1,2,"N","","C","C","S","SECONDARY",0,"S1","35","38","38","38","did_not_look",38,5,FALSE,FALSE,FALSE,-2.148831886,0.095907936,-8.073887962,1.01e-07,8.84e-18,22,0.976579601,8.84e-18,0.08774786,1.003857264,0.117070139,2.769658485,"donovan","TL",1,"S","S"
62,"Monacanthidae","CASA","Cantherhines sandwichiensis",1,8,"N","","H","Hother","H","PRIMARY",1,"S1","40","20","20","20","did_not_look",20,5,FALSE,FALSE,FALSE,-3.600407313,0.113920075,-11.61535953,9.83e-14,8.17e-25,38,0.948710978,8.17e-25,0.085102785,1.003627807,0.02741168,2.93972203,"donovan","TL",1,"S","S"
63,"Monacanthidae","CAVE","Cantherhines verecundus",1,8,"N","","H","Hother","H","PRIMARY",1,"S1","40","13","13","24","did_not_look",24,5,FALSE,FALSE,FALSE,NA,NA,NA,NA,NA,NA,NA,NA,NA,NA,0.01,3.04,"fishbase.bayes","TL",1,"S","S"
64,"Balistidae","CAMA","Canthidermis maculata",1,1,"N","","Z","Z","Z","SECONDARY",0,"H","50","50","50","na","30",50,25,FALSE,FALSE,FALSE,NA,NA,NA,NA,NA,NA,NA,NA,NA,NA,0.023,2.96,"fishbase.bayes","TL",1,"S","S"
65,"Tetraodontidae","CAAM","Canthigaster amboinensis",1,2,"N","","H","Hother","H","PRIMARY",0,"S1","12","15","15","15","did_not_look",15,3,FALSE,FALSE,FALSE,-1.417789787,0.155847003,-5.065551368,1.78e-05,2.57e-17,33,0.903829009,2.57e-17,0.182409719,1.016775813,0.246312768,2.660114901,"donovan","TL",1,"S","S"
66,"Tetraodontidae","CACO","Canthigaster coronata",1,2,"N","","SI","SI","S","SECONDARY",0,"S1","12","11","11","14","did_not_look",14,3,FALSE,FALSE,FALSE,-2.144975427,0.226566063,-5.370344372,7.43e-06,4.17e-14,33,0.845381554,4.17e-14,0.204901585,1.021214219,0.119554482,2.949656449,"donovan","TL",1,"S","S"
67,"Tetraodontidae","CAEP","Canthigaster epilampra",1,2,"N","","MI","MI","S","SECONDARY",0,"S1","10","12","12","11","did_not_look",12,3,FALSE,FALSE,FALSE,-1.668290053,0.234955422,-4.07490801,0.002779129,9.55e-07,11,0.938314085,9.55e-07,0.128932949,1.008346492,0.190143125,2.749082929,"donovan","TL",1,"S","S"
68,"Tetraodontidae","CAJA","Canthigaster jactator",1,8,"N","","H","Hother","H","PRIMARY",1,"S1","9","9","9","9","did_not_look",9,15,TRUE,FALSE,TRUE,-3.379380578,0.055463899,-33.10537121,3.47e-79,6.53e-112,185,0.937171848,6.53e-112,0.168553427,1.014306501,0.034555953,2.897800017,"donovan","TL",1,"S","S"
69,"Tetraodontidae","CARI","Canthigaster rivulata",1,2,"N","C. rivulatus","H","Hother","H","PRIMARY",0,"S1","13","18","18","na","21",21,3,FALSE,FALSE,FALSE,NA,NA,NA,NA,NA,NA,NA,NA,NA,NA,0.02668,2.91,"fishbase.bayes","TL",1,"S","S"
70,"Tetraodontidae","","Canthigaster solandri",1,2,"N","","H","Hother","H","PRIMARY",0,"S1","11","12","12","12","did_not_look",12,3,FALSE,FALSE,FALSE,NA,NA,NA,NA,NA,NA,NA,NA,NA,NA,0.0251,2.91,"fishbase.bayes","TL",1,"S","S"
71,"Tetradontidae","","Canthigaster species",1,2,"N","","H","Hother","H","PRIMARY",0,"S1","15","18","18","15","did_not_look",18,5,FALSE,FALSE,FALSE,NA,NA,NA,NA,NA,NA,NA,NA,NA,NA,0.107057721,2.846109049,"avg","TL",0,"S","S"
72,"Caracanthidae","CATY","Caracanthus typicus",1,8,"N","Caracanthus maculatus","MI","MI","S","SECONDARY",1,"R","5","3","3","5","did_not_look",5,5,FALSE,FALSE,FALSE,NA,NA,NA,NA,NA,NA,NA,NA,NA,NA,0.01,3.04,"fishbase.bayes","TL",1,"S","S"
374,"Carangidae","","Carangidae species",1,2,"Y","","P","P","APEX","APEX",0,"T","165","190","190","188","did_not_look",190,100,FALSE,TRUE,TRUE,NA,NA,NA,NA,NA,NA,NA,NA,NA,NA,0.01983,2.98605,"Kulbicki 2005","FL",0,"S","S"
73,"Carangidae","CAFE","Carangoides ferdau",1,2,"Y","","MI","MI","APEX","SECONDARY",0,"T","70","70","70","55","did_not_look",70,20,FALSE,TRUE,TRUE,-0.470298372,0.255211116,-0.624959743,0.537243872,5.72e-09,29,0.721289392,5.72e-09,0.091761289,1.004218942,0.627451874,2.13333713,"donovan","TL",1,"S","S"
74,"Carangidae","CAOR","Carangoides orthogrammus",1,2,"Y","","P","P","APEX","APEX",0,"T","70","75","75","79","did_not_look",79,10,FALSE,TRUE,TRUE,-0.796741659,0.111806397,-2.04566678,0.045413772,1.26e-27,59,0.877106168,1.26e-27,0.148193202,1.011041121,0.455772705,2.255096437,"donovan","TL",1,"P","P"
75,"Carangidae","CAIG","Caranx ignobilis",1,2,"Y","","P","P","APEX","APEX",0,"T","140","170","170","165","did_not_look",170,50,FALSE,TRUE,TRUE,-4.673143237,0.036558255,-29.92949559,9.39e-81,4.35e-173,229,0.96891271,4.35e-173,0.181311234,1.016572711,0.009497693,3.075029483,"donovan","TL",1,"P","P"
76,"Carangidae","CALU","Caranx lugubris",1,1,"Y","","P","P","APEX","APEX",0,"T","90","100","100","80","did_not_look",100,40,FALSE,TRUE,TRUE,NA,NA,NA,NA,NA,NA,NA,NA,NA,NA,0.0174,2.93,"fishbase.bayes","TL",1,"P","P"
77,"Carangidae","CAME","Caranx melampygus",1,2,"Y","","P","P","APEX","APEX",0,"T","75","117","117","100","did_not_look",117,40,FALSE,TRUE,TRUE,-4.806564659,0.023005213,-53.80451719,5.8e-144,6.01e-246,265,0.9860322,6.01e-246,0.131372919,1.008666763,0.008246757,3.134625617,"donovan","TL",1,"P","P"
78,"Carangidae","CASE","Caranx sexfasciatus",1,2,"Y","","P","P","APEX","APEX",0,"T","80","120","120","85","did_not_look",120,1000,FALSE,TRUE,TRUE,NA,NA,NA,NA,NA,NA,NA,NA,NA,NA,0.0198,3.001,"cred","TL",1,"P","P"
79,"Carangidae","","Caranx species",1,2,"Y","","P","P","APEX","APEX",0,"T","165","170","170","165","did_not_look",170,10,FALSE,TRUE,TRUE,NA,NA,NA,NA,NA,NA,NA,NA,NA,NA,0.01983,2.98605,"Kulbicki 2005","FL",0,"P","P"
80,"Carcharhinidae","CAAB","Carcharhinus amblyrhynchos",1,2,"Y","","P","P","APEX","APEX",0,"T","250","255","255","180","did_not_look",255,35,FALSE,FALSE,FALSE,NA,NA,NA,NA,NA,NA,NA,NA,NA,NA,0.00618,3.09,"fishbase.bayes","TL",1,"P","P"
81,"Carcharhinidae","CAGA","Carcharhinus galapagensis",1,1,"Y","","P","P","APEX","APEX",0,"T","370","370","370","370","did_not_look",370,15,FALSE,FALSE,FALSE,NA,NA,NA,NA,NA,NA,NA,NA,NA,NA,0.0136,3,"cred","TL",1,"P","P"
82.1,"Carcharhinidae","CALI","Carcharhinus limbatus",1,2,"Y","","P","P","APEX","APEX",0,"T","275",NA,"275","did_not_look","did_not_look",275,5,FALSE,FALSE,FALSE,NA,NA,NA,NA,NA,NA,NA,NA,NA,NA,0.0049,3.07,"fishbase.bayes","TL",1,NA,NA
82,"Carcharhinidae","CAML","Carcharhinus melanopterus",1,2,"Y","","P","P","APEX","APEX",0,"T","180","200","200","180","did_not_look",200,5,FALSE,FALSE,FALSE,NA,NA,NA,NA,NA,NA,NA,NA,NA,NA,0.00136,3.34,"cred","TL",1,"P","P"
83,"Pomacanthidae","CEFI","Centropyge fisheri",1,2,"N","","H","Hother","H","PRIMARY",0,"S1","8","8","9","8","did_not_look",9,15,TRUE,FALSE,TRUE,NA,NA,NA,NA,NA,NA,NA,NA,NA,NA,0.0265,2.81,"fishbase.bayes","TL",1,"S","S"
84,"Pomacanthidae","CEFL","Centropyge flavissima",1,7,"N","","H","Hother","H","PRIMARY",0,"R","12","14","14","11","did_not_look",14,15,FALSE,FALSE,NA,NA,NA,NA,NA,NA,NA,NA,NA,NA,NA,0.03071,2.88,"fishbase.bayes","TL",1,"S","S"
85,"Pomacanthidae","","Centropyge interrupta",1,4,"N","","H","Hother","H","PRIMARY",0,"R","15","15","15","na","15",15,10,FALSE,FALSE,NA,NA,NA,NA,NA,NA,NA,NA,NA,NA,NA,0.0307,2.88,"fishbase.bayes","TL",1,"S","S"
86,"Pomacanthidae","CELO","Centropyge loricula",1,2,"N","","H","Hother","H","PRIMARY",0,"R","10","15","15","10","did_not_look",15,15,FALSE,FALSE,NA,NA,NA,NA,NA,NA,NA,NA,NA,NA,NA,0.0307,2.88,"fishbase.bayes","TL",1,"S","S"
87,"Pomacanthidae","CEPO","Centropyge potteri",1,8,"N","","H","Hother","H","PRIMARY",1,"R","15","10","10","na","13",13,15,TRUE,FALSE,TRUE,-2.56495487,0.135832921,-8.247339187,1.86e-11,2e-27,62,0.861338386,2e-27,0.142154455,1.010155162,0.077703815,2.622342662,"donovan","TL",1,"S","S"
88,"Serranidae","CEAR","Cephalopholis argus",1,2,"Y","","P","P","P","APEX",0,"S1","50","60","60","60","did_not_look",60,4,TRUE,TRUE,TRUE,-4.464448626,0.01808722,-71.3578685,0,0,1201,0.961749565,0,0.128811003,1.008330646,0.011606935,3.140466929,"donovan","TL",1,"P","P"
89,"Chaetodontidae","CHAU","Chaetodon auriga",1,2,"N","","SI","SI","S","SECONDARY",0,"S1","23","23","23","20","did_not_look",23,10,TRUE,FALSE,TRUE,-4.052179402,0.178569038,-8.048136379,7.48e-08,4.3e-14,23,0.93711532,4.3e-14,0.068367139,1.002339766,0.017425121,3.158929237,"donovan","TL",1,"S","S"
90,"Chaetodontidae","CHCI","Chaetodon citrinellus",1,2,"N","","C","C","S","SECONDARY",0,"S1","11","13","13","13","did_not_look",13,10,TRUE,FALSE,TRUE,NA,NA,NA,NA,NA,NA,NA,NA,NA,NA,0.0228,2.95,"fishbase.bayes","TL",1,"S","S"
91,"Chaetodontidae","CHEP","Chaetodon ephippium",1,2,"N","","MI","MI","S","SECONDARY",0,"S1","23","30","30","23","did_not_look",30,10,TRUE,FALSE,TRUE,NA,NA,NA,NA,NA,NA,NA,NA,NA,NA,0.0225,3.02,"fishbase.bayes","TL",1,"S","S"
92,"Chaetodontidae","CHFR","Chaetodon fremblii",1,8,"N","","SI","SI","S","SECONDARY",1,"S1","15","13","13","na","16",16,10,TRUE,FALSE,TRUE,-4.279164306,0.106345423,-16.22677713,1.17e-32,1.08e-59,128,0.879264296,1.08e-59,0.188428075,1.017911083,0.01410238,3.221409501,"donovan","TL",1,"S","S"
93,"Chaetodontidae","CHKL","Chaetodon kleinii",1,2,"N","","Z","Z","Z","SECONDARY",0,"S1","11","15","15","13","did_not_look",15,10,TRUE,FALSE,TRUE,NA,NA,NA,NA,NA,NA,NA,NA,NA,NA,0.02321,3,"fishbase.bayes","TL",1,"S","S"
94,"Chaetodontidae","CHLI","Chaetodon lineolatus",1,2,"N","","SI","SI","S","SECONDARY",0,"S1","31","30","30","30","did_not_look",30,10,TRUE,FALSE,TRUE,NA,NA,NA,NA,NA,NA,NA,NA,NA,NA,0.0228,2.94,"fishbase.bayes","TL",1,"S","S"
95,"Chaetodontidae","CHLU","Chaetodon lunula",1,2,"N","","SI","SI","S","SECONDARY",0,"S1","21","20","20","20","did_not_look",20,10,TRUE,FALSE,TRUE,NA,NA,NA,NA,NA,NA,NA,NA,NA,NA,0.02286,3,"fishbase.bayes","TL",1,"S","S"
96,"Chaetodontidae","CHLT","Chaetodon lunulatus",1,2,"N","","C","C","S","SECONDARY",0,"S1","14","14","14","15","did_not_look",15,10,TRUE,FALSE,TRUE,-3.451832211,0.130915894,-10.25389065,3.89e-15,2.33e-32,66,0.889836963,2.33e-32,0.13599382,1.009290047,0.031981903,2.976594228,"donovan","TL",1,"S","S"
97,"Chaetodontidae","CHMI","Chaetodon miliaris",1,8,"N","","Z","Z","Z","SECONDARY",1,"S1","16","13","13","na","17",17,40,TRUE,FALSE,TRUE,-4.895447161,0.065321008,-30.54869085,3.01e-51,2.87e-73,98,0.96754598,2.87e-73,0.123789357,1.00769133,0.007538099,3.49454026,"donovan","TL",1,"S","S"
98,"Chaetodontidae","CHMU","Chaetodon multicinctus",1,8,"N","","C","C","S","SECONDARY",1,"S1","15","12","12","na","11",12,10,TRUE,FALSE,TRUE,-4.073308752,0.069236148,-25.71363623,1.64e-21,7.85e-29,31,0.986848569,7.85e-29,0.072687404,1.002645222,0.017066001,3.22976297,"donovan","TL",1,"S","S"
99,"Chaetodontidae","CHOR","Chaetodon ornatissimus",1,2,"N","","C","C","S","SECONDARY",0,"S1","18","20","20","18","did_not_look",20,10,TRUE,FALSE,TRUE,-3.688256122,0.112915984,-11.88330752,5.91e-10,2.98e-16,20,0.977315374,2.98e-16,0.089853229,1.00404496,0.025116775,3.144439365,"donovan","TL",1,"S","S"
100,"Chaetodontidae","CHQU","Chaetodon quadrimaculatus",1,5,"N","","C","C","S","SECONDARY",0,"S1","16","16","16","16","did_not_look",16,10,TRUE,FALSE,TRUE,NA,NA,NA,NA,NA,NA,NA,NA,NA,NA,0.0229,3,"fishbase.bayes","TL",1,"S","S"
101,"Chaetodontidae","CHRE","Chaetodon reticulatus",1,2,"N","","C","C","S","SECONDARY",0,"S1","17","18","18","16","did_not_look",18,10,TRUE,FALSE,TRUE,NA,NA,NA,NA,NA,NA,NA,NA,NA,NA,0.02286,3,"fishbase.bayes","TL",1,"S","S"
102,"Chaetodontidae","CHTI","Chaetodon tinkeri",1,6,"N","","SI","SI","S","SECONDARY",0,"S1","20","15","15","15","did_not_look",15,10,TRUE,FALSE,TRUE,NA,NA,NA,NA,NA,NA,NA,NA,NA,NA,0.02286,3,"fishbase.bayes","TL",1,"S","S"
103,"Chaetodontidae","CHTR","Chaetodon trifascialis",1,2,"N","","C","C","S","SECONDARY",0,"S1","16","18","18","17","did_not_look",18,10,TRUE,FALSE,TRUE,NA,NA,NA,NA,NA,NA,NA,NA,NA,NA,0.0212,2.95,"fishbase.bayes","TL",1,"S","S"
104,"Chaetodontidae","CHUN","Chaetodon unimaculatus",1,2,"N","","C","C","S","SECONDARY",0,"S1","20","20","20","17","did_not_look",20,10,TRUE,FALSE,TRUE,NA,NA,NA,NA,NA,NA,NA,NA,NA,NA,0.0281,3,"fishbase.bayes","TL",1,"S","S"
105,"Chanidae","CHCH","Chanos chanos",0,2,"Y","","H","Hother","H","PRIMARY",0,"T","120","180","180","150","did_not_look",180,60,FALSE,TRUE,TRUE,NA,NA,NA,NA,NA,NA,NA,NA,NA,NA,0.01071,3.02,"fishbase.bayes","TL",1,"S","S"
106,"Labridae","CHIN","Cheilio inermis",1,2,"Y","","MI","MI","S","SECONDARY",0,"S2","48","50","50","50","did_not_look",50,20,FALSE,FALSE,FALSE,NA,NA,NA,NA,NA,NA,NA,NA,NA,NA,0.00355,3.08,"fishbase.bayes","TL",1,"S","S"
107,"Cheilodactylidae","CHVI","Cheilodactylus vittatus",1,5,"Y","Goniistius vittatus","MI","MI","S","SECONDARY",0,"S1","45","41","41","na","41",41,5,FALSE,FALSE,FALSE,-5.497863427,0.019805571,-83.87489448,4.65e-241,0,368,0.987463731,0,0.066514025,1.002214506,0.004104582,3.362825438,"donovan","TL",1,"S","S"
108,"Scaridae","CHPE","Chlorurus perspicillatus",1,8,"Y","Scarus perspicillatus","H","Hscex","H","PRIMARY",1,"S2","65","61","61","na","61",61,30,FALSE,TRUE,TRUE,-3.928034221,0.034048621,-35.45786354,1.35e-36,6.65e-56,51,0.993884941,6.65e-56,0.087389383,1.003825752,0.019757625,3.038542301,"donovan","TL",1,"Hscex","Hscex"
109,"Scaridae","","Chlorurus species",1,2,"Y","","H","Hother","H","PRIMARY",0,"S2","60","62","62","na","61",62,30,FALSE,TRUE,TRUE,NA,NA,NA,NA,NA,NA,NA,NA,NA,NA,0.01366261,3.195179731,"avg","TL",0,"S","S"
110,"Scaridae","CHSO","Chlorurus spilurus",1,2,"Y","Scarus sordidus","H","Hscex","H","PRIMARY",0,"S2","33","na","na","na","37",37,30,FALSE,TRUE,TRUE,-4.887697251,0.049563723,-34.19707725,3.5e-26,3.1e-35,33,0.993267211,3.1e-35,0.087375689,1.00382455,0.007567595,3.351817161,"donovan","TL",1,"Hscex","Hscex"
111,"Pomacentridae","CHAC","Chromis acares",1,2,"N","","Z","Z","Z","SECONDARY",0,"R","7","4","4","6","did_not_look",6,900,FALSE,FALSE,FALSE,NA,NA,NA,NA,NA,NA,NA,NA,NA,NA,0.01516,2.99,"fishbase.bayes","TL",1,"S","S"
112,"Pomacentridae","CHPA","Chromis pacifica",1,2,"N","Chromis agilis","Z","Z","Z","SECONDARY",0,"R","8","8","8","11","did_not_look",11,300,FALSE,FALSE,FALSE,NA,NA,NA,NA,NA,NA,NA,NA,NA,NA,0.0035,3,"cred","TL",1,"S",NA
113,"Pomacentridae","CHHA","Chromis hanui",1,8,"N","","Z","Z","Z","SECONDARY",1,"R","10","6","6","na","9",9,300,FALSE,FALSE,FALSE,-5.769594919,0.385373344,-7.882874267,2.89e-10,3.29e-14,51,0.694378325,3.29e-14,0.266455678,1.036136938,0.0166,3,"fishbase30504","TL",1,"S","S"
114,"Pomacentridae","","Chromis leucura",1,2,"N","","Z","Z","Z","SECONDARY",0,"R","8","9","9","9","did_not_look",9,300,FALSE,FALSE,FALSE,NA,NA,NA,NA,NA,NA,NA,NA,NA,NA,0.0229,3.175,"Kublicki Chromis mean","FL",1,"S","S"
115,"Pomacentridae","CHOV","Chromis ovalis",1,8,"N","","Z","Z","Z","SECONDARY",1,"R","10","15","15","na","20",20,300,FALSE,FALSE,FALSE,-2.409424882,0.0664545,-13.59481429,1.32e-25,1.71e-64,116,0.92042781,1.71e-64,0.175985728,1.01560601,0.091269429,2.413187307,"donovan","TL",1,"S","S"
116,"Pomacentridae","CHVA","Chromis vanderbilti",1,2,"N","","Z","Z","Z","SECONDARY",0,"R","6","6","6","7","did_not_look",7,600,FALSE,FALSE,FALSE,NA,NA,NA,NA,NA,NA,NA,NA,NA,NA,0.0152,2.99,"fishbase.bayes","TL",1,"S","S"
117,"Pomacentridae","CHVE","Chromis verater",1,8,"N","","Z","Z","Z","SECONDARY",1,"R","10","16","16","na","22",22,300,FALSE,FALSE,FALSE,NA,NA,NA,NA,NA,NA,NA,NA,NA,NA,0.0229,3.175,"Kublicki Chromis mean","FL",1,"S","S"
118,"Labridae","CIJO","Cirrhilabrus jordani",1,8,"N","","Z","Z","Z","SECONDARY",1,"S1","10","10","10","na","11",11,20,TRUE,FALSE,FALSE,NA,NA,NA,NA,NA,NA,NA,NA,NA,NA,0.01693,2.84,"fishbase.bayes","TL",1,"S","S"
118.5,"Labridae","CISP","Cirrhilabrus species",1,8,"N","","Z","Z","Z","SECONDARY",1,"S1","10","10","10","na","11",11,20,TRUE,FALSE,FALSE,NA,NA,NA,NA,NA,NA,NA,NA,NA,NA,0.01693,2.84,"fishbase.bayes","TL",0,NA,NA
119,"Cirrhitidae","CIFA","Cirrhitops fasciatus",1,5,"N","","MI","MI","S","SECONDARY",0,"R","13","13","13","na","13",13,10,TRUE,FALSE,FALSE,-4.157693599,0.121625333,-15.34302262,6.45e-28,3.66e-45,101,0.867006297,3.66e-45,0.14024213,1.009882439,0.015798194,3.089848788,"donovan","TL",1,"S","S"
120,"Cirrhitidae","CIPI","Cirrhitus pinnulatus",1,2,"N","C. alternus; C. alternatus","MI","MI","S","SECONDARY",0,"S1","30","30","30","28","did_not_look",30,10,FALSE,FALSE,FALSE,-4.851459377,0.042694261,-37.06171047,4.13e-108,9.91e-189,273,0.958105815,9.91e-189,0.154086296,1.011942037,0.007910312,3.361119918,"donovan","TL",1,"S","S"
121,"Blenniidae","CIOB","Cirripectes obscurus",1,8,"N","","H","Hother","H","PRIMARY",1,"R","10","14","14","na","18",18,40,FALSE,FALSE,FALSE,NA,NA,NA,NA,NA,NA,NA,NA,NA,NA,0.0111,2.97,"fishbase.bayes","TL",1,"S","S"
121.1,"Blenniidae","CIQU","Cirripectes quagga",1,8,"N","","H","Hother","H","PRIMARY",0,"R","10","10","10","did_not_look","did_not_look",10,40,FALSE,FALSE,NA,NA,NA,NA,NA,NA,NA,NA,NA,NA,NA,0.008271063,3.26439826,"avg","TL",1,NA,NA
122,"Blenniidae","","Cirripectes species",1,8,"N","","H","Hother","H","PRIMARY",0,"R","10","14","14","12","did_not_look",14,40,FALSE,FALSE,NA,NA,NA,NA,NA,NA,NA,NA,NA,NA,NA,0.008271063,3.26439826,"avg","TL",0,"S","S"
123,"Blenniidae","CIVA","Cirripectes vanderbilti",1,8,"N","","H","Hother","H","PRIMARY",1,"R","11","10","10","12","did_not_look",12,40,FALSE,FALSE,FALSE,-5.235973999,0.125500778,-24.98931929,1.48e-16,1.26e-17,22,0.975731287,1.26e-17,0.211606017,1.022641058,0.005442126,3.558796521,"donovan","TL",1,"S","S"
124,"Congridae","COCI","Conger marginatus",0,8,"N","","P","P","P","SECONDARY",0,"R","130","137","137","130","did_not_look",137,2,FALSE,FALSE,NA,NA,NA,NA,NA,NA,NA,NA,NA,NA,NA,0.00072,3.15,"fishbase.bayes","TL",0,"P","P"
125,"Congridae","","Conger species",0,8,"N","","P","P","S","SECONDARY",0,"R","110","137","137","130","did_not_look",137,2,FALSE,FALSE,NA,NA,NA,NA,NA,NA,NA,NA,NA,NA,NA,0.00072,3.15,"used COCI","TL",0,"P","P"
126,"Labridae","COBA","Coris ballieui",1,8,"N","C. rosea","MI","MI","S","SECONDARY",1,"S1","30","30","30","na","31",31,20,FALSE,FALSE,FALSE,NA,NA,NA,NA,NA,NA,NA,NA,NA,NA,0.0169,2.84,"fishbase.bayes","TL",1,"S","S"
127,"Labridae","COFL","Coris flavovittata",1,8,"Y","","MI","MI","S","SECONDARY",1,"S2","65","51","51","na","51",51,20,FALSE,TRUE,TRUE,-5.337651376,0.009444526,-173.8351553,1.99e-298,0,296,0.997664006,0,0.062257313,1.001939866,0.004816473,3.346648593,"donovan","TL",1,"S","S"
128,"Labridae","COGA","Coris gaimard",1,2,"N","","MI","MI","S","SECONDARY",0,"S1","40","40","40","32","did_not_look",40,20,TRUE,FALSE,TRUE,NA,NA,NA,NA,NA,NA,NA,NA,NA,NA,0.0109,3,"cred","TL",1,"S","S"
129,"Labridae","COVE","Coris venusta",1,8,"N","","MI","MI","S","SECONDARY",1,"S1","20","20","20","25","did_not_look",25,20,FALSE,FALSE,FALSE,-4.993222797,0.048224117,-40.87196244,1.5e-105,3.98e-150,225,0.95307394,3.98e-150,0.117897747,1.006974146,0.006831078,3.245435353,"donovan","TL",1,"S","S"
131,"Gobiidae","COSP","Coryphopterus species",1,2,"N","","H","Hother","H","PRIMARY",0,"S1","8","na","na","7","did_not_look",7,10,FALSE,FALSE,NA,NA,NA,NA,NA,NA,NA,NA,NA,NA,NA,0.0088,3.06,"used CODU","TL",0,"S","S"
132,"Acanthuridae","CTHA","Ctenochaetus hawaiiensis",1,2,"Y","","D","D","S","SECONDARY",0,"S1","25","25","25","28","did_not_look",28,20,TRUE,TRUE,TRUE,NA,NA,NA,NA,NA,NA,NA,NA,NA,NA,0.0224,2.97,"fishbase.bayes","TL",1,"S","S"
133,"Acanthuridae","CTST","Ctenochaetus strigosus",1,8,"Y","","D","D","S","SECONDARY",1,"S1","25","15","15","18","did_not_look",18,40,TRUE,TRUE,TRUE,-3.645605638,0.030650926,-45.73645843,2.66e-169,5.3e-297,442,0.95432255,5.3e-297,0.14868413,1.011114801,0.026395753,2.938776789,"donovan","TL",1,"S","S"
134,"Labridae","CYLE","Cymolutes lecluse",1,8,"N","","MI","MI","S","SECONDARY",1,"S1","20","18","18","na","16",18,20,FALSE,FALSE,FALSE,-4.675818573,0.1294627,-13.23648999,5.91e-12,2.46e-17,24,0.963714083,2.46e-17,0.071239611,1.002540763,0.009341569,3.129399804,"donovan","TL",1,"S","S"
135,"Labridae","","Cymolutes praetextatus",1,2,"N","","MI","MI","S","SECONDARY",0,"S1","12","20","20","20","did_not_look",20,20.1,FALSE,FALSE,NA,NA,NA,NA,NA,NA,NA,NA,NA,NA,NA,0.0106,3.04,"fishbase.bayes","TL",1,"S","S"
136,"Dactylopteridae","DAOR","Dactyloptena orientalis",1,2,"N","","MI","MI","S","SECONDARY",0,"T","33","40","40","40","did_not_look",40,2.1,FALSE,FALSE,FALSE,NA,NA,NA,NA,NA,NA,NA,NA,NA,NA,0.01801,3,"fishbase","TL",1,"S","S"
137,"Pomacentridae","DAAL","Dascyllus albisella",1,8,"N","","Z","Z","Z","SECONDARY",1,"S1","15","13","13","14","did_not_look",14,300,TRUE,FALSE,TRUE,-4.129015929,0.03495827,-52.52661188,3.53e-106,3.89e-147,170,0.981319035,3.89e-147,0.126416,1.008022512,0.016227865,3.284052021,"donovan","TL",1,"S","S"
138,"Dasyatidae","","Dasyatis lata",0,8,"N","","MI","MI","S","SECONDARY",1,"T","190","100","100","na","122",122,5,FALSE,FALSE,NA,NA,NA,NA,NA,NA,NA,NA,NA,NA,NA,0.00937,3.35249,"cred","WD",1,NA,NA
139,"Carangidae","DEMA","Decapterus macarellus",0,1,"Y","D. pinnulatus","Z","Z","Z","SECONDARY",0,"T","35","46","46","32","did_not_look",46,30,FALSE,TRUE,TRUE,NA,NA,NA,NA,NA,NA,NA,NA,NA,NA,0.0144,2.98,"fishbase.bayes","TL",1,NA,NA
140,"Carangidae","DESP","Decapterus species",0,1,"Y","","Z","Z","Z","SECONDARY",0,"T","35","46","46","32","did_not_look",46,30.1,FALSE,TRUE,NA,NA,NA,NA,NA,NA,NA,NA,NA,NA,NA,0.0144,2.98,"used DEMA","TL",0,NA,NA
141,"Scorpaenidae","DEBA","Dendrochirus barberi",1,8,"N","D. chloreus; D. hudsoni","MI","MI","S","SECONDARY",1,"R","12","17","17","na","17",17,2,FALSE,FALSE,FALSE,-4.199866455,0.129425803,-15.2868335,4.49e-21,1.14e-29,55,0.912220619,1.14e-29,0.289270147,1.042726179,0.015638369,3.037473436,"donovan","TL",1,"S","S"
142,"Diodontidae","DIHO","Diodon holocanthus",1,1,"N","","MI","MI","S","SECONDARY",0,"S1","35","50","50","38","did_not_look",50,2,FALSE,FALSE,FALSE,NA,NA,NA,NA,NA,NA,NA,NA,NA,NA,0.0489,2.88,"fishbase.bayes","TL",1,"S","S"
143,"Diodontidae","DIHY","Diodon hystrix",1,1,"N","","MI","MI","S","SECONDARY",0,"S1","70","91","91","71","did_not_look",91,5,FALSE,FALSE,FALSE,NA,NA,NA,NA,NA,NA,NA,NA,NA,NA,0.0745,2.85,"fishbase.bayes","TL",1,"S","S"
144,"Syngnathidae","DOEX","Doryrhamphus excisus",1,2,"N","","Z","Z","Z","SECONDARY",0,"S1","7","7","7","8","did_not_look",8,2,FALSE,FALSE,FALSE,NA,NA,NA,NA,NA,NA,NA,NA,NA,NA,0.00075,3.14,"fishbase.bayes","TL",1,"S","S"
145,"Echeneidae","","Echeneis naucrates",1,1,"N","","Z","Z","S","SECONDARY",0,"T","95","110","110","90","did_not_look",110,5,FALSE,FALSE,FALSE,NA,NA,NA,NA,NA,NA,NA,NA,NA,NA,0.00273,3.15,"fishbase.bayes","TL",1,"S","S"
146,"Muraenidae","ECNE","Echidna nebulosa",0,2,"N","","MI","MI","S","SECONDARY",0,"S1","75","100","100","75","did_not_look",100,2,FALSE,FALSE,FALSE,NA,NA,NA,NA,NA,NA,NA,NA,NA,NA,0.00029,3.352,"Kulbicki 2005","FL",0,NA,NA
147,"Carangidae","ELBI","Elagatis bipinnulata",0,1,"Y","","P","P","APEX","APEX",0,"T","110","180","180","107","did_not_look",180,200,FALSE,TRUE,TRUE,NA,NA,NA,NA,NA,NA,NA,NA,NA,NA,0.0101,2.86,"fishbase.bayes","FL",1,"P","P"
148,"Elopidae","","Elops hawaiensis",0,1,"N","","MI","MI","S","SECONDARY",0,"T","150","120","120","105","did_not_look",120,30.1,FALSE,TRUE,FALSE,NA,NA,NA,NA,NA,NA,NA,NA,NA,NA,0.00472,3,"fishbase","TL",1,NA,NA
149,"Muraenidae","","Enchelycore pardalis",0,2,"N","","P","P","S","SECONDARY",0,"R","80","92","92","92","did_not_look",92,2,FALSE,FALSE,FALSE,NA,NA,NA,NA,NA,NA,NA,NA,NA,NA,0.00156,3.11,"fishbase.bayes","TL",0,"P","P"
150,"Muraenidae","ENCA","Enchelynassa canina",0,2,"N","","P","P","P","SECONDARY",0,"R","150","250","250","152","did_not_look",250,2,FALSE,FALSE,FALSE,NA,NA,NA,NA,NA,NA,NA,NA,NA,NA,0.0047,2.614,"Kulbicki Muraenidae mean","FL",0,"P","P"
151,"Engraulidae","","Encrasicholina purpurea",0,8,"N","","Z","Z","Z","SECONDARY",1,"T","10","8","8","13","did_not_look",13,500,FALSE,FALSE,FALSE,NA,NA,NA,NA,NA,NA,NA,NA,NA,NA,0.00494,3.09,"fishbase.bayes","TL",0,NA,NA
152,"Tripterygiidae","ENAT","Enneapterygius atriceps",1,8,"N","","H","Hother","H","PRIMARY",1,"S1","5","3","3","na","4",4,3.1,FALSE,FALSE,FALSE,-5.202688251,0.095649505,-63.81891487,5.43e-54,7.88e-42,58,0.963142294,7.88e-42,0.177336671,1.015848422,0.005588949,3.658961279,"donovan","TL",0,"S","S"
153,"Blenniidae","ENMA","Entomacrodus marmoratus",1,8,"N","","H","Hother","H","PRIMARY",1,"R","20","16","16","na","18",18,40.1,FALSE,FALSE,FALSE,NA,NA,NA,NA,NA,NA,NA,NA,NA,NA,0.01,3.04,"fishbase.bayes","TL",0,"S","S"
154,"Labridae","EPIN","Epibulus insidiator",1,2,"N","","MI","MI","S","SECONDARY",0,"S2","35","54","54","35","did_not_look",54,20,FALSE,FALSE,FALSE,-3.15662328,0.059655537,-17.12708996,1.44e-24,8.1e-48,61,0.972654631,8.1e-48,0.132484957,1.008814755,0.042944481,2.732839989,"donovan","TL",1,"S","S"
156,"Scombridae","EUAF","Euthynnus affinis",0,2,"Y","","P","P","APEX","APEX",0,"T","90","100","100","na","na",100,25,FALSE,TRUE,TRUE,NA,NA,NA,NA,NA,NA,NA,NA,NA,NA,0.00955,3.05,"fishbase.bayes","TL",1,"P","P"
157,"Gobiidae","EVEP","Eviota epiphanes",1,2,"N","","H","Hother","H","PRIMARY",0,"S1","5","2","2","na","na",2,10.1,FALSE,FALSE,NA,2.59147768,0.090821404,59.99903823,9.04e-103,1.12e-62,144,0.860825976,1.12e-62,0.127995985,1.008225128,0.134592845,2.691602815,"donovan","TL",0,"S","S"
158,"Pentacerotidae","EVAC","Evistias acutirostris",1,5,"Y","","MI","MI","S","SECONDARY",0,"T","90","90","90","60","did_not_look",90,5,FALSE,FALSE,FALSE,NA,NA,NA,NA,NA,NA,NA,NA,NA,NA,0.01,3.04,"fishbase.bayes","TL",1,"S","S"
159,"Blenniidae","EXBR","Exallias brevis",1,2,"N","","C","C","S","SECONDARY",0,"R","12","15","15","15","did_not_look",15,40,FALSE,FALSE,FALSE,NA,NA,NA,NA,NA,NA,NA,NA,NA,NA,0.0111,2.97,"fishbase.bayes","TL",1,"S","S"
160,"Fistulariidae","FICO","Fistularia commersonii",1,2,"Y","","P","P","P","SECONDARY",0,"S2","100","160","160","150","did_not_look",160,15,FALSE,TRUE,TRUE,-11.1215012,0.114967812,-22.74462238,1.08e-27,3.49e-35,51,0.957163829,3.49e-35,0.236722535,1.028414997,1.52e-05,3.804189333,"donovan","TL",1,"P","P"
161,"Apogonidae","FOBR","Foa brachygramma",1,8,"N","","MI","MI","S","SECONDARY",0,"R","5","7","7","9","did_not_look",9,15,FALSE,FALSE,FALSE,NA,NA,NA,NA,NA,NA,NA,NA,NA,NA,0.0155,3.121,"Kulbicki Apogon mean","FL",1,"S","S"
162,"Chaetodontidae","FOFL","Forcipiger flavissimus",1,2,"N","","SI","SI","S","SECONDARY",0,"S1","17","22","22","19","did_not_look",22,10,TRUE,FALSE,TRUE,-5.741584112,0.105437378,-20.80142282,1.41e-28,1.11e-39,60,0.95100248,1.11e-39,0.144004712,1.01042262,0.003243133,3.537629655,"donovan","TL",1,"S","S"
163,"Chaetodontidae","FOLO","Forcipiger longirostris",1,2,"N","","MI","MI","S","SECONDARY",0,"S1","17","22","22","22","did_not_look",22,10,FALSE,FALSE,FALSE,NA,NA,NA,NA,NA,NA,NA,NA,NA,NA,0.0224,3.02,"fishbase.bayes","TL",1,"S","S"
130,"Gobiidae","CODU","Fusigobius duospilus",1,2,"N","","H","Hother","H","PRIMARY",0,"S1","10","6","6","na","na",6,10.1,FALSE,FALSE,NA,NA,NA,NA,NA,NA,NA,NA,NA,NA,NA,0.0088,3.06,"fishbase.bayes","TL",0,"S","S"
375,"Carcharhinidae","GACU","Galeocerdo cuvier",1,1,"","","P","P","APEX","APEX",0,"","750","750","750","740","did_not_look",750,5,FALSE,FALSE,FALSE,NA,NA,NA,NA,NA,NA,NA,NA,NA,NA,0.0028,3.25,"fishbase","TL",1,"S","S"
164,"Pomacanthidae","GEPE","Genicanthus personatus",1,8,"N","","Z","Z","Z","SECONDARY",1,"S1","25","21","21","na","26",26,15,FALSE,FALSE,FALSE,NA,NA,NA,NA,NA,NA,NA,NA,NA,NA,0.0307,2.88,"fishbase.bayes","TL",1,"S","S"
165,"Carangidae","GNSP","Gnathanodon speciosus",1,2,"Y","","MI","MI","S","SECONDARY",0,"T","110","120","120","120","did_not_look",120,10,FALSE,TRUE,TRUE,NA,NA,NA,NA,NA,NA,NA,NA,NA,NA,0.0143,2.93,"fishbase.bayes","TL",1,"S","S"
166,"Gobiidae","GNAN","Gnatholepis anjerensis",1,2,"N","","H","Hother","H","PRIMARY",0,"S1","10","9","9","11","did_not_look",11,10.1,FALSE,FALSE,FALSE,NA,NA,NA,NA,NA,NA,NA,NA,NA,NA,0.0088,3.06,"fishbase.bayes","TL",0,"S","S"
167,"Gobiidae","","Gnatholepis cauerensis",1,8,"N","","H","Hother","H","PRIMARY",1,"S1","10","6","6","7","did_not_look",7,10.1,FALSE,FALSE,FALSE,NA,NA,NA,NA,NA,NA,NA,NA,NA,NA,0.0088,3.06,"fishbase.bayes","TL",0,"S","S"
168,"Gobiidae","GOSP","Gobiidae species",1,2,"N","","SI","SI","S","SECONDARY",0,"S1","40","12","12","11","did_not_look",12,10,FALSE,FALSE,FALSE,NA,NA,NA,NA,NA,NA,NA,NA,NA,NA,0.0088,3.06,"fishbase.bayes","TL",0,"S","S"
169,"Labridae","GOVA","Gomphosus varius",1,2,"N","","MI","MI","S","SECONDARY",0,"S1","20","30","30","32","did_not_look",32,20,TRUE,FALSE,FALSE,-3.966974548,0.048248025,-30.2889308,5.49e-49,6.79e-73,92,0.973694243,6.79e-73,0.105423684,1.005572546,0.019036112,2.784753101,"donovan","TL",1,"S","S"
171,"Microdesmidae","GUCU","Gunnellichthys curiosus",1,2,"N","","Z","Z","Z","SECONDARY",0,"S1","12","12","12","12","did_not_look",12,5,FALSE,FALSE,FALSE,NA,NA,NA,NA,NA,NA,NA,NA,NA,NA,0.02,3.01,"fishbase.bayes","TL",1,"S","S"
172,"Muraenidae","GYZE","Gymnomuraena zebra",0,2,"N","Echidna zebra","MI","MI","S","SECONDARY",0,"R","150","150","150","150","did_not_look",150,2,TRUE,FALSE,TRUE,NA,NA,NA,NA,NA,NA,NA,NA,NA,NA,0.00111,3.06,"fishbase.bayes","TL",0,NA,NA
173,"Muraenidae","GYEU","Gymnothorax eurostus",0,5,"N","","MI","MI","S","SECONDARY",0,"R","57","60","60","60","did_not_look",60,2,FALSE,FALSE,FALSE,-6.969774661,0.048838732,-41.63299967,2.86e-79,4.05e-106,138,0.970680189,4.05e-106,0.244719396,1.030396615,0.000968433,3.277112373,"donovan","TL",0,NA,NA
174,"Muraenidae","GYFL","Gymnothorax flavimarginatus",0,2,"N","","P","P","P","SECONDARY",0,"R","120","240","240","120","did_not_look",240,2,FALSE,FALSE,FALSE,-5.738317364,0.268464172,-4.882981818,0.000165831,7.6e-09,18,0.882382009,7.6e-09,0.389985404,1.079010382,0.00347461,2.941289477,"donovan","TL",0,"P","P"
377,"Muraenidae","","Gymnothorax gracilicauda",0,2,"N","","P","P","P","SECONDARY",0,"R","na","32","32","30.8","did_not_look",32,3.1,FALSE,FALSE,FALSE,NA,NA,NA,NA,NA,NA,NA,NA,NA,NA,5e-04,3.303,"Kulbicki Gymnothorax mean","TL",0,"P","P"
175,"Muraenidae","","Gymnothorax javanicus",0,2,"N","","P","P","S","SECONDARY",0,"R","230","300","300","250","did_not_look",300,4,FALSE,FALSE,FALSE,NA,NA,NA,NA,NA,NA,NA,NA,NA,NA,5e-04,3.303,"Kulbicki Gymnothorax mean","TL",0,"P","P"
176,"Muraenidae","","Gymnothorax melatremus",0,2,"N","","MI","MI","S","SECONDARY",0,"R","30","30","30","30","did_not_look",30,5,FALSE,FALSE,FALSE,NA,NA,NA,NA,NA,NA,NA,NA,NA,NA,5e-04,3.303,"Kulbicki Gymnothorax mean","TL",0,NA,NA
177,"Muraenidae","GYME","Gymnothorax meleagris",0,2,"N","","P","P","P","SECONDARY",0,"R","120","120","120","100","did_not_look",120,2,FALSE,FALSE,FALSE,-9.859555994,0.428052045,-5.226318186,0.000544592,7.05e-06,11,0.904139512,7.05e-06,0.2050086,1.021236618,0.00209,3,"fishbase30504","TL",0,"P","P"
178,"Muraenidae","GYNU","Gymnothorax nudivomer",0,2,"N","","P","P","P","SECONDARY",0,"R","180","180","180","180","did_not_look",180,3.1,FALSE,FALSE,FALSE,NA,NA,NA,NA,NA,NA,NA,NA,NA,NA,0.00093,3.1,"fishbase.bayes","TL",0,"P","P"
179,"Muraenidae","","Gymnothorax pictus",0,2,"N","","P","P","S","SECONDARY",0,"R","120","140","140","120","did_not_look",140,3.1,FALSE,FALSE,FALSE,NA,NA,NA,NA,NA,NA,NA,NA,NA,NA,5e-04,3.303,"Kulbicki Gymnothorax mean","TL",0,"P","P"
180,"Muraenidae","GYRU","Gymnothorax rueppelliae",0,2,"N","G. petelli","MI","MI","S","SECONDARY",0,"R","250","80","80","80","did_not_look",80,2,FALSE,FALSE,FALSE,NA,NA,NA,NA,NA,NA,NA,NA,NA,NA,5e-04,3.303,"Kulbicki Gymnothorax mean","TL",0,NA,NA
181,"Muraenidae","GYSP","Gymnothorax species",0,2,"N","","P","P","P","SECONDARY",0,"R","300","300","300","250","did_not_look",300,2,FALSE,FALSE,FALSE,NA,NA,NA,NA,NA,NA,NA,NA,NA,NA,5e-04,3.303,"Kulbicki Gymnothorax mean","TL",0,"P","P"
182,"Muraenidae","GYST","Gymnothorax steindachneri",0,8,"N","","P","P","P","SECONDARY",1,"R","95","91","91","na","na",91,2,FALSE,FALSE,FALSE,NA,NA,NA,NA,NA,NA,NA,NA,NA,NA,0.00093,3.1,"fishbase.bayes","TL",0,"P","P"
183,"Muraenidae","GYUN","Gymnothorax undulatus",0,2,"N","","P","P","P","SECONDARY",0,"R","150","150","150","120","did_not_look",150,6,FALSE,FALSE,FALSE,NA,NA,NA,NA,NA,NA,NA,NA,NA,NA,5e-04,3.303,"Kulbicki Gymnothorax mean","TL",0,"P","P"
184,"Labridae","HAOR","Halichoeres ornatissimus",1,2,"N","","MI","MI","S","SECONDARY",1,"S1","17","18","18","15","did_not_look",18,20,TRUE,FALSE,TRUE,-3.023596353,0.083286784,-17.99037739,5.02e-30,1.18e-50,83,0.937928165,1.18e-50,0.130176894,1.008509009,0.049039787,2.913775575,"donovan","TL",1,"S","S"
185,"Hemiramphidae","HEDE","Hemiramphus depauperatus",1,6,"N","","H","Hother","H","PRIMARY",0,"T","40","35","35","35","did_not_look",35,40.1,FALSE,FALSE,FALSE,NA,NA,NA,NA,NA,NA,NA,NA,NA,NA,0.00337,3.14,"fishbase.bayes","TL",1,"S","S"
186,"Hemiramphidae","HESP","Hemiramphus species",1,6,"N","","H","Hother","H","PRIMARY",0,"T","40","35","35","35","did_not_look",35,40,FALSE,FALSE,FALSE,NA,NA,NA,NA,NA,NA,NA,NA,NA,NA,0.00337,3.14,"used HEDE","TL",0,"S","S"
187,"Chaetodontidae","HEPO","Hemitaurichthys polylepis",1,2,"N","","Z","Z","Z","SECONDARY",0,"S1","15","18","18","16","did_not_look",18,10,TRUE,FALSE,FALSE,NA,NA,NA,NA,NA,NA,NA,NA,NA,NA,0.0265,3,"cred","TL",1,"S","S"
188,"Chaetodontidae","HETH","Hemitaurichthys thompsoni",1,5,"N","","Z","Z","Z","SECONDARY",0,"S1","15","18","18","17","did_not_look",18,20,FALSE,FALSE,FALSE,NA,NA,NA,NA,NA,NA,NA,NA,NA,NA,0.02172,3.01,"fishbase.bayes","TL",1,"S","S"
189,"Chaetodontidae","HEDI","Heniochus diphreutes",1,2,"N","","Z","Z","Z","SECONDARY",0,"S1","25","21","21","22","did_not_look",22,10,FALSE,FALSE,FALSE,NA,NA,NA,NA,NA,NA,NA,NA,NA,NA,0.0217,3.01,"fishbase.bayes","TL",1,"S","S"
190,"Priacanthidae","HECR","Heteropriacanthus cruentatus",1,1,"Y","","Z","Z","Z","SECONDARY",0,"R","25","51","51","32","did_not_look",51,5,FALSE,TRUE,TRUE,-3.886178284,0.078348103,-15.88169979,3.81e-16,1.38e-26,32,0.978534764,1.38e-26,0.097468412,1.004761345,0.020621352,2.897406349,"donovan","TL",1,"S","S"
191,"Syngnathidae","HIFI","Hippocampus fisheri",1,8,"N","","Z","Z","Z","SECONDARY",0,"S1","10","na","8","na","na",8,2.1,FALSE,FALSE,FALSE,NA,NA,NA,NA,NA,NA,NA,NA,NA,NA,0.00565,2.95,"fishbase.bayes","TL",1,"S","S"
192,"Syngnathidae","","Hippocampus kuda",1,2,"N","","Z","Z","Z","SECONDARY",0,"S1","25","30","30","30","did_not_look",30,2.1,FALSE,FALSE,FALSE,NA,NA,NA,NA,NA,NA,NA,NA,NA,NA,0.00565,2.95,"fishbase.bayes","TL",1,"S","S"
193,"Holocentridae","","Holocentridae species",1,2,"Y","","MI","MI","S","SECONDARY",0,"R","35","51","51","45","did_not_look",51,25,FALSE,TRUE,TRUE,NA,NA,NA,NA,NA,NA,NA,NA,NA,NA,0.062805552,2.898488536,"avg","TL",0,"S","S"
194,"Hemiramphidae","HYAC","Hyporhamphus acutus pacificus",1,6,"N","","H","Hother","H","PRIMARY",1,"T","40","30","30","30","did_not_look",30,40.1,FALSE,FALSE,FALSE,NA,NA,NA,NA,NA,NA,NA,NA,NA,NA,0.00122,3.05,"fishbase.bayes","TL",1,"S","S"
155,"Serranidae","EPQU","Hyporthodus quernus",1,8,"Y","","P","P","APEX","APEX",1,"S1","125","122","122","na","na",122,4,FALSE,TRUE,TRUE,NA,NA,NA,NA,NA,NA,NA,NA,NA,NA,0.0181,3,"cred","TL",1,"P","P"
195,"Labridae","XYAN","Iniistius aneitensis",1,2,"Y","","MI","MI","S","SECONDARY",0,"R","22","24","24","22","did_not_look",24,20,FALSE,TRUE,TRUE,NA,NA,NA,NA,NA,NA,NA,NA,NA,NA,0.0106,3.04,"fishbase.bayes","TL",1,"S","S"
196,"Labridae","XYBA","Iniistius baldwini",1,4,"Y","","MI","MI","S","SECONDARY",0,"R","25","21","21","na","na",21,20.1,FALSE,TRUE,TRUE,NA,NA,NA,NA,NA,NA,NA,NA,NA,NA,0.01693,2.84,"fishbase.bayes","TL",1,"S","S"
197,"Labridae","XYNV","Iniistius niveilatus",1,2,"Y","","MI","MI","S","SECONDARY",0,"R","30","24","24","na","na",24,20.1,FALSE,TRUE,TRUE,NA,NA,NA,NA,NA,NA,NA,NA,NA,NA,0.0106,3.04,"fishbase.bayes","TL",1,"S","S"
198,"Labridae","XYPA","Iniistius pavo",1,2,"Y","","MI","MI","S","SECONDARY",0,"R","33","42","42","35","did_not_look",42,20,FALSE,TRUE,TRUE,-0.610995488,0.115480416,-1.720061886,0.087712685,2.08e-39,137,0.722576975,2.08e-39,0.216639849,1.023743915,0.555698679,2.165439378,"donovan","TL",1,"S","S"
199,"Labridae","","Iniistius species",1,2,"Y","","MI","MI","S","SECONDARY",0,"R","40","42","42","35","did_not_look",42,20,FALSE,TRUE,TRUE,NA,NA,NA,NA,NA,NA,NA,NA,NA,NA,0.0106,3.04,"fishbase.bayes","TL",0,"S","S"
200,"Labridae","XYUM","Iniistius umbrilatus",1,8,"Y","","MI","MI","S","SECONDARY",1,"R","25","18","18","na","na",18,20,FALSE,TRUE,TRUE,NA,NA,NA,NA,NA,NA,NA,NA,NA,NA,0.0169,2.84,"fishbase.bayes","TL",1,"S","S"
201,"Scorpaenidae","IRSI","Iracundus signifer",1,2,"N","","MI","MI","S","SECONDARY",0,"R","15","13","13","13","did_not_look",13,2,FALSE,FALSE,FALSE,NA,NA,NA,NA,NA,NA,NA,NA,NA,NA,0.0246,2.908,"cred","TL",1,"S","S"
202,"Blenniidae","ISZE","Istiblennius zebra",1,8,"N","","H","Hother","H","PRIMARY",1,"R","10","20","20","na","18",20,40,FALSE,FALSE,FALSE,NA,NA,NA,NA,NA,NA,NA,NA,NA,NA,0.0101,3.04,"fishbase.bayes","TL",0,"S","S"
203,"Scombridae","KAPE","Katsuwonus pelamis",0,1,"Y","","P","P","APEX","APEX",0,"T","80","110","110","na","na",110,25,FALSE,TRUE,TRUE,NA,NA,NA,NA,NA,NA,NA,NA,NA,NA,0.01122,3.11,"fishbase.bayes","TL",1,"P","P"
204,"Kuhliidae","KUSA","Kuhlia sandvicensis",1,6,"Y","","Z","Z","Z","SECONDARY",0,"R","25","25","25","28","did_not_look",28,300,FALSE,TRUE,TRUE,NA,NA,NA,NA,NA,NA,NA,NA,NA,NA,0.01085,3,"fishbase","TL",1,"S","S"
204.1,"Kuhliidae","KUXE","Kuhlia xenura",1,6,"Y","","Z","Z","Z","SECONDARY",1,"R","23","23","23","did_not_look","did_not_look",23,300,FALSE,TRUE,TRUE,NA,NA,NA,NA,NA,NA,NA,NA,NA,NA,0.01085,3,"fishbase","TL",1,NA,NA
205,"Kyphosidae","KYBI","Kyphosus bigibbus",1,5,"Y","","H","Hbrow","H","PRIMARY",0,"S2","60","75","75","75","did_not_look",75,30.1,FALSE,TRUE,TRUE,-5.431178453,0.110070005,-14.75354422,8.97e-18,1.5e-29,42,0.959871104,1.5e-29,0.097240589,1.00473906,0.004398681,3.404684178,"donovan","TL",1,"Hbrow","Hbrow"
206,"Kyphosidae","KYCI","Kyphosus cinerascens",1,2,"Y","","H","Hbrow","H","PRIMARY",0,"S2","38","51","51","50","did_not_look",51,30,FALSE,TRUE,TRUE,NA,NA,NA,NA,NA,NA,NA,NA,NA,NA,0.0275,2.86,"FB value for genus","TL",1,"Hbrow","Hbrow"
207,"Kyphosidae","KYHA","Kyphosus hawaiiensis",1,8,"Y","","H","Hother","H","PRIMARY",1,"S2","45","41","41","na","na",41,40,FALSE,TRUE,TRUE,NA,NA,NA,NA,NA,NA,NA,NA,NA,NA,0.0166,3.01,"fishbase.bayes","TL",1,"Hbrow","Hbrow"
207.1,"Kyphosidae","KYOC","Kyphosus ocyurus",1,2,"Y","","H","Hother","H","PRIMARY",0,"S2","59","na","59","did_not_look","did_not_look",59,30,FALSE,TRUE,TRUE,NA,NA,NA,NA,NA,NA,NA,NA,NA,NA,0.0275,2.86,"FB value for genus","TL",1,NA,NA
208,"Kyphosidae","","Kyphosus sandwicensis",1,8,"Y","","H","Hother","H","PRIMARY",1,"S2","75","na","75","65","did_not_look",75,40,FALSE,TRUE,TRUE,NA,NA,NA,NA,NA,NA,NA,NA,NA,NA,0.01,3.04,"fishbase.bayes","TL",1,"Hbrow","Hbrow"
209,"Kyphosidae","KYSP","Kyphosus species",1,2,"Y","","H","Hother","H","PRIMARY",0,"S2","45","75","75","75","did_not_look",75,30,FALSE,TRUE,TRUE,NA,NA,NA,NA,NA,NA,NA,NA,NA,NA,0.0275,2.86,"FB value for genus","TL",0,"Hbrow","Hbrow"
210,"Kyphosidae","KYVA","Kyphosus vaigiensis",1,2,"Y","","H","Hbrow","H","PRIMARY",0,"S2","50","70","70","60","did_not_look",70,30,FALSE,TRUE,TRUE,NA,NA,NA,NA,NA,NA,NA,NA,NA,NA,0.0126,2.98,"fishbase.bayes","TL",1,"Hbrow","Hbrow"
211,"Labridae","","Labridae species",1,2,"N","","MI","MI","S","SECONDARY",0,"S1","100","54","54","55","did_not_look",55,20,FALSE,FALSE,FALSE,NA,NA,NA,NA,NA,NA,NA,NA,NA,NA,0.01067,3.17765,"Kulbicki 2005","FL",0,"S","S"
212,"Labridae","LAPH","Labroides phthirophagus",1,8,"N","","P","P","S","SECONDARY",1,"R","10","12","12","12","did_not_look",12,20,TRUE,FALSE,TRUE,NA,NA,NA,NA,NA,NA,NA,NA,NA,NA,0.01693,2.84,"fishbase.bayes","TL",1,"S","S"
213,"Ostraciidae","LAFO","Lactoria fornasini",1,2,"N","","SI","SI","S","SECONDARY",0,"S1","17","23","23","15","did_not_look",23,3,FALSE,FALSE,FALSE,NA,NA,NA,NA,NA,NA,NA,NA,NA,NA,0.0355,2.81,"fishbase.bayes","TL",1,"S","S"
214,"Lutjanidae","LUFU","Lutjanus fulvus",1,2,"Y","","MI","MI","S","SECONDARY",0,"S1","28","40","40","40","did_not_look",40,50,FALSE,TRUE,TRUE,NA,NA,NA,NA,NA,NA,NA,NA,NA,NA,0.01752,2.98,"fishbase.bayes","TL",1,"S","S"
215.5,"Lutjanidae","LUGI","Lutjanus gibbus",1,2,"Y","","MI","MI","S","SECONDARY",0,"S1","50","50","50","did_not_look","did_not_look",50,50,FALSE,TRUE,TRUE,NA,NA,NA,NA,NA,NA,NA,NA,NA,NA,0.01514,2.98,"fishbase.bayes","TL",1,NA,NA
215,"Lutjanidae","LUKA","Lutjanus kasmira",1,2,"Y","","MI","MI","S","SECONDARY",0,"S2","27","40","40","32","did_not_look",40,50,TRUE,TRUE,TRUE,-4.193874271,0.039837375,-35.221249,3.83e-103,3.77e-183,273,0.953939685,3.77e-183,0.121861904,1.007452797,0.015200163,2.984505346,"donovan","TL",1,"S","S"
216,"Labridae","MAGE","Macropharyngodon geoffroy",1,8,"N","","MI","MI","S","SECONDARY",1,"S1","20","15","15","na","16",16,20,TRUE,FALSE,FALSE,-3.958451244,0.092909843,-17.7269066,7.84e-21,7.33e-31,43,0.962513104,7.33e-31,0.132060357,1.008758099,0.019259877,3.014513559,"donovan","TL",1,"S","S"
217,"Malacanthidae","MABR","Malacanthus brevirostris",1,2,"N","","MI","MI","S","SECONDARY",0,"S1","27","32","32","30","did_not_look",32,5,FALSE,FALSE,FALSE,NA,NA,NA,NA,NA,NA,NA,NA,NA,NA,0.0049,3,"cred","TL",1,"S","S"
220,"Balistidae","MENI","Melichthys niger",1,1,"Y","","H","Hother","H","PRIMARY",0,"S1","30","50","50","32","did_not_look",50,50,TRUE,FALSE,TRUE,-4.439048607,0.035939448,-38.47837216,1.22e-78,2.69e-129,149,0.98151694,2.69e-129,0.127900741,1.008212842,0.011904137,3.175353113,"donovan","TL",1,"S","S"
221,"Balistidae","MEVI","Melichthys vidua",1,2,"Y","","H","Hother","H","PRIMARY",0,"S1","33","40","40","34","did_not_look",40,25,FALSE,FALSE,TRUE,-4.241734021,0.06354249,-20.83676909,4.3e-39,2.11e-75,107,0.96032072,2.11e-75,0.102980472,1.005316572,0.014459097,3.203207957,"donovan","TL",1,"S","S"
222,"Scorpididae","MIST","Microcanthus strigatus",1,5,"N","","MI","MI","S","SECONDARY",0,"S1","17","16","16","20","did_not_look",20,20,FALSE,TRUE,FALSE,NA,NA,NA,NA,NA,NA,NA,NA,NA,NA,0.0224,3.01,"fishbase.bayes","TL",1,"S","S"
218,"Myliobatidae","MAAL","Mobula alfredi",0,2,"N","","Z","Z","Z","SECONDARY",0,"T","800","500","500","na","na",500,12,FALSE,FALSE,FALSE,NA,NA,NA,NA,NA,NA,NA,NA,NA,NA,0.00383,3.09,"fishbase.bayes","WD",1,NA,NA
219,"Mobulidae","","Mobula birostris",0,2,"N","","Z","Z","Z","SECONDARY",0,"T","300","910","910","700","did_not_look",910,12,FALSE,FALSE,FALSE,NA,NA,NA,NA,NA,NA,NA,NA,NA,NA,0.0164,3,"cred","WD",1,NA,NA
219.5,"Mobulidae","","Mobula species",0,2,"N","","Z","Z","Z","SECONDARY",0,"T","800","910","910","700","did_not_look",910,12,FALSE,FALSE,FALSE,NA,NA,NA,NA,NA,NA,NA,NA,NA,NA,0.010115,3.045,"avg of two listed above","WD",0,NA,NA
223,"Monacanthidae","","Monacanthidae species",1,2,"N","","H","Hother","H","PRIMARY",0,"S1","40","110","110","75","did_not_look",110,5,FALSE,FALSE,FALSE,NA,NA,NA,NA,NA,NA,NA,NA,NA,NA,0.017,3.07,"cred","TL",0,"S","S"
224,"Lethrinidae","MOGR","Monotaxis grandoculis",1,2,"Y","","MI","MI","S","SECONDARY",0,"S2","50","60","60","60","did_not_look",60,50,FALSE,TRUE,TRUE,NA,NA,NA,NA,NA,NA,NA,NA,NA,NA,0.01995,2.99,"fishbase.bayes","TL",1,"S","S"
225,"Mugilidae","MUCE","Mugil cephalus",1,1,"Y","","D","D","S","SECONDARY",0,"T","80","100","100","70","did_not_look",100,20,FALSE,TRUE,TRUE,NA,NA,NA,NA,NA,NA,NA,NA,NA,NA,0.0122,2.97,"fishbase.bayes","TL",1,"S","S"
226,"Mullidae","","Mullidae species",1,2,"Y","","MI","MI","S","SECONDARY",0,"S2","50","51","51","50","did_not_look",51,50,FALSE,TRUE,TRUE,NA,NA,NA,NA,NA,NA,NA,NA,NA,NA,0.00929,3.1,"used MUPF","TL",0,"S","S"
227,"Mullidae","MUFL","Mulloidichthys flavolineatus",1,2,"Y","Mulloides flavolineatus","MI","MI","S","SECONDARY",0,"S1","35","43","43","40","did_not_look",43,50,FALSE,TRUE,TRUE,-5.033265186,0.022132141,-70.40751846,0,0,762,0.963760799,0,0.111050388,1.006185144,0.006557807,3.146484092,"donovan","TL",1,"S","S"
228,"Mullidae","","Mulloidichthys mimicus",1,6,"Y","","MI","MI","S","SECONDARY",0,"S2","30","30","30","31","did_not_look",31,50,FALSE,TRUE,TRUE,NA,NA,NA,NA,NA,NA,NA,NA,NA,NA,0.00926,3.04,"fishbase.bayes","TL",1,"S","S"
229,"Mullidae","MUPF","Mulloidichthys pfluegeri",1,2,"Y","Mulloides pflugeri","P","P","P","SECONDARY",0,"S2","48","40","40","50","did_not_look",50,50,FALSE,TRUE,TRUE,NA,NA,NA,NA,NA,NA,NA,NA,NA,NA,0.00929,3.1,"fishbase.bayes","TL",1,"S","S"
230,"Mullidae","MUVA","Mulloidichthys vanicolensis",1,2,"Y","Mulloides vanicolensis","MI","MI","S","SECONDARY",0,"S1","35","38","38","38","did_not_look",38,50,FALSE,TRUE,TRUE,-5.087756602,0.020109327,-81.27815982,4.85700339361969e-310,0,556,0.978573095,0,0.120914601,1.007336955,0.006217133,3.198669241,"donovan","TL",1,"S","S"
231,"Muraenidae","","Muraenidae species",0,2,"N","","P","P","S","SECONDARY",0,"R","300","300","300","250","did_not_look",300,2,FALSE,FALSE,FALSE,NA,NA,NA,NA,NA,NA,NA,NA,NA,NA,0.00465,2.61351,"Kulbicki 2005","TL",0,"P","P"
232,"Ophichthidae","MYMA","Myrichthys magnificus",0,8,"N","","MI","MI","S","SECONDARY",1,"S1","80","78","78","99","did_not_look",99,5,FALSE,FALSE,FALSE,-9.795689299,0.196120282,-13.62028977,2.6e-07,2.06e-08,11,0.973605005,2.06e-08,0.26498732,1.035732742,5.77e-05,3.573340241,"donovan","TL",0,NA,NA
233,"Holocentridae","MYAM","Myripristis amaena",1,6,"Y","M. argyromus","Z","Z","Z","SECONDARY",0,"R","20","27","27","27","did_not_look",27,25,FALSE,TRUE,TRUE,-4.858589029,0.12891355,-11.717935,1.07e-16,2.07e-32,58,0.920095098,2.07e-32,0.129506304,1.008421202,0.007826788,3.273574501,"donovan","TL",1,"S","S"
234,"Holocentridae","MYBE","Myripristis berndti",1,2,"Y","","Z","Z","Z","SECONDARY",0,"R","25","30","30","30","did_not_look",30,30,FALSE,TRUE,TRUE,-1.206017545,0.113216415,-3.956649545,0.000147457,8.54e-38,96,0.828777559,8.54e-38,0.126197888,1.007994742,0.301780728,2.414971298,"donovan","TL",1,"S","S"
235,"Holocentridae","MYCH","Myripristis chryseres",1,2,"Y","","Z","Z","Z","SECONDARY",0,"R","25","25","25","25","did_not_look",25,25,FALSE,TRUE,TRUE,NA,NA,NA,NA,NA,NA,NA,NA,NA,NA,0.301780728,2.414971298,"used MYBE","TL",1,"S","S"
236,"Holocentridae","MYKU","Myripristis kuntee",1,2,"Y","M. mutiradiatus","Z","Z","Z","SECONDARY",0,"R","18","26","26","19","did_not_look",26,25,FALSE,TRUE,TRUE,-4.341824568,0.101960114,-14.49379341,3.15e-10,7.04e-15,17,0.983965573,7.04e-15,0.105934912,1.005626875,0.013085985,3.093422013,"donovan","TL",1,"S","S"
237,"Holocentridae","","Myripristis species",1,2,"Y","","Z","Z","Z","SECONDARY",0,"R","22","30","30","30","did_not_look",30,25,FALSE,TRUE,TRUE,NA,NA,NA,NA,NA,NA,NA,NA,NA,NA,0.0175,3.07,"fishbase.bayes","TL",0,"S","S"
238,"Holocentridae","MYVI","Myripristis vittata",1,2,"Y","","Z","Z","Z","SECONDARY",0,"R","20","25","25","20","did_not_look",25,25,FALSE,TRUE,TRUE,NA,NA,NA,NA,NA,NA,NA,NA,NA,NA,0.0175,3.07,"fishbase.bayes","TL",1,"S","S"
239,"Acanthuridae","NAAN","Naso annulatus",1,2,"Y","","Z","Z","Z","SECONDARY",0,"T","50","100","100","100","did_not_look",100,20,FALSE,TRUE,TRUE,NA,NA,NA,NA,NA,NA,NA,NA,NA,NA,0.02601,2.92,"fishbase.bayes","TL",1,"S","S"
240,"Acanthuridae","NABR","Naso brevirostris",1,2,"Y","","Z","Z","Z","SECONDARY",0,"T","45","60","60","60","did_not_look",60,20,FALSE,TRUE,TRUE,NA,NA,NA,NA,NA,NA,NA,NA,NA,NA,0.0215,2.98,"fishbase.bayes","TL",1,"S","S"
241,"Acanthuridae","","Naso caesius",1,2,"Y","","Z","Z","Z","SECONDARY",0,"T","55","46","46","63","did_not_look",63,20,FALSE,TRUE,TRUE,NA,NA,NA,NA,NA,NA,NA,NA,NA,NA,0.0224,2.97,"fishbase.bayes","TL",1,"S","S"
242,"Acanthuridae","NAHE","Naso hexacanthus",1,2,"Y","","Z","Z","Z","SECONDARY",0,"S1","70","75","75","75","did_not_look",75,50,FALSE,TRUE,TRUE,NA,NA,NA,NA,NA,NA,NA,NA,NA,NA,0.02477,2.94,"fishbase.bayes","TL",1,"S","S"
243,"Acanthuridae","NALI","Naso lituratus",1,2,"Y","","H","Hbrow","H","PRIMARY",0,"S2","35","46","46","46","did_not_look",46,60,TRUE,TRUE,TRUE,-0.974426134,0.05692042,-5.298419954,6.67e-07,5.99e-59,105,0.922268606,5.99e-59,0.215887808,1.023577427,0.386307204,1.989835579,"donovan","TL",1,"Hbrow","Hbrow"
244,"Acanthuridae","","Naso maculatus",1,5,"Y","","Z","Z","Z","SECONDARY",0,"T","50","60","60","60","did_not_look",60,40.1,FALSE,TRUE,FALSE,NA,NA,NA,NA,NA,NA,NA,NA,NA,NA,0.0224,2.97,"fishbase.bayes","TL",1,"S","S"
245,"Acanthuridae","NASP","Naso species",1,2,"Y","","H","Hother","H","PRIMARY",0,"S2","75","100","100","100","did_not_look",100,50,FALSE,TRUE,TRUE,NA,NA,NA,NA,NA,NA,NA,NA,NA,NA,0.0224,2.97,"fishbase.bayes","TL",0,"Hbrow","Hbrow"
246,"Acanthuridae","NAUN","Naso unicornis",1,2,"Y","","H","Hbrow","H","PRIMARY",0,"S2","70","70","70","70","did_not_look",70,50,FALSE,TRUE,TRUE,-2.927284559,0.03058827,-29.26199343,3.86e-39,9.97e-69,67,0.991319223,9.97e-69,0.122415772,1.007520952,0.05394492,2.635354628,"donovan","TL",1,"Hbrow","Hbrow"
247,"Microdesmidae","NEMA","Nemateleotris magnifica",1,2,"N","","Z","Z","Z","SECONDARY",0,"S1","6","9","9","8","did_not_look",9,25,FALSE,FALSE,FALSE,NA,NA,NA,NA,NA,NA,NA,NA,NA,NA,0.00389,3.12,"fishbase.bayes","TL",1,"S","S"
248,"Mugilidae","NELE","Neomyxus leuciscus",1,6,"Y","","D","D","S","SECONDARY",0,"T","35","46","46","35","did_not_look",46,20.1,FALSE,TRUE,TRUE,NA,NA,NA,NA,NA,NA,NA,NA,NA,NA,0.01,3,"fishbase","TL",1,"S","S"
249,"Holocentridae","NEAU","Neoniphon aurolineatus",1,2,"N","Flammeo scythrops","MI","MI","S","SECONDARY",0,"S1","25","25","25","22","did_not_look",25,25,FALSE,TRUE,TRUE,NA,NA,NA,NA,NA,NA,NA,NA,NA,NA,0.017748794,2.924096973,"used NESA","TL",1,"S","S"
250,"Holocentridae","NESA","Neoniphon sammara",1,2,"N","Flammeo sammara","MI","MI","S","SECONDARY",0,"R","25","32","32","30","did_not_look",32,25,FALSE,TRUE,TRUE,-4.04016289,0.034421473,-40.9510147,5.3e-95,9.66e-151,188,0.974873242,9.66e-151,0.132100009,1.008763382,0.017748794,2.924096973,"donovan","TL",1,"S","S"
251,"Holocentridae","","Neoniphon species",1,2,"Y","","MI","MI","S","SECONDARY",0,"R","23","32","32","30","did_not_look",32,25,FALSE,TRUE,TRUE,NA,NA,NA,NA,NA,NA,NA,NA,NA,NA,0.017748794,2.924096973,"used NESA","TL",0,"S","S"
252,"No fish","","No fish",1,0,"N","",NA,NA,"S",NA,0,"","0","0","0","0","did_not_look",0,0,FALSE,FALSE,FALSE,NA,NA,NA,NA,NA,NA,NA,NA,NA,NA,0,0,"0","TL",0,NA,NA
253,"Labridae","NOTA","Novaculichthys taeniourus",1,2,"N","","MI","MI","S","SECONDARY",0,"S1","33","30","30","30","did_not_look",30,20,TRUE,FALSE,TRUE,NA,NA,NA,NA,NA,NA,NA,NA,NA,NA,0.0106,3.04,"fishbase.bayes","TL",1,"S","S"
254,"Blenniidae","OMRO","Omobranchus rotundiceps",1,2,"N","","H","Hother","H","PRIMARY",0,"R","10","na","na","7","did_not_look",7,40.1,FALSE,FALSE,FALSE,NA,NA,NA,NA,NA,NA,NA,NA,NA,NA,0.0111,2.97,"fishbase.bayes","TL",0,"S","S"
255,"Oplegnathidae","OPFA","Oplegnathus fasciatus",1,4,"Y","","MI","MI","S","SECONDARY",0,"T","85","80","80","na","na",80,5,FALSE,FALSE,FALSE,NA,NA,NA,NA,NA,NA,NA,NA,NA,NA,0.0266,3,"fishbase","FL",1,"S","S"
256,"Oplegnathidae","OPPU","Oplegnathus punctatus",1,4,"Y","","MI","MI","S","SECONDARY",0,"T","85","86","86","na","na",86,12,FALSE,TRUE,TRUE,NA,NA,NA,NA,NA,NA,NA,NA,NA,NA,0.0203,3,"fishbase","FL",1,"S","S"
257,"Gobiidae","HANE","Opua nephodes",1,8,"N","","H","Hother","H","PRIMARY",0,"S1","5","5","5","na","na",5,10.1,FALSE,FALSE,FALSE,NA,NA,NA,NA,NA,NA,NA,NA,NA,NA,0.0088,3.06,"fishbase.bayes","TL",0,"S","S"
34,"Apogonidae","APMA","Ostorhinchus maculiferus",1,8,"N","","MI","MI","S","SECONDARY",1,"R","20","14","14","na","na",14,15,FALSE,FALSE,FALSE,-4.827756356,0.062882489,-34.38056536,5.61e-43,4.15e-54,66,0.976933347,4.15e-54,0.096328808,1.004650399,0.008041684,3.27385839,"donovan","TL",1,"S","S"
259,"Ostraciidae","OSME","Ostracion meleagris",1,2,"N","","SI","SI","S","SECONDARY",0,"S1","17","25","25","15","did_not_look",25,3,TRUE,FALSE,TRUE,NA,NA,NA,NA,NA,NA,NA,NA,NA,NA,0.03553,2.81,"fishbase.bayes","TL",1,"S","S"
260,"Ostraciidae","OSWH","Ostracion whitleyi",1,6,"N","","SI","SI","S","SECONDARY",0,"S1","20","16","16","16","did_not_look",16,3,FALSE,FALSE,FALSE,NA,NA,NA,NA,NA,NA,NA,NA,NA,NA,0.01,3.04,"fishbase.bayes","TL",1,"S","S"
261,"Labridae","OXBI","Oxycheilinus bimaculatus",1,2,"N","Cheilinus bimaculatus","MI","MI","S","SECONDARY",0,"S1","13","15","15","15","did_not_look",15,20,FALSE,FALSE,FALSE,NA,NA,NA,NA,NA,NA,NA,NA,NA,NA,0.01414,2.84,"fishbase.bayes","TL",1,"S","S"
262,"Labridae","OXUN","Oxycheilinus unifasciatus",1,2,"Y","Cheilinus unifasciatus; C. rhodochrous","P","P","P","SECONDARY",0,"S1","50","46","46","46","did_not_look",46,20,FALSE,TRUE,TRUE,-3.493539368,0.031509506,-43.82871358,1.28e-70,1.59e-108,110,0.989423057,1.59e-108,0.111049945,1.006185094,0.030581093,3.16711915,"donovan","TL",1,"P","P"
263,"Cirrhitidae","OXTY","Oxycirrhites typus",1,2,"N","","Z","Z","Z","SECONDARY",0,"S1","9","13","13","13","did_not_look",13,10,FALSE,FALSE,FALSE,NA,NA,NA,NA,NA,NA,NA,NA,NA,NA,0.00389,3.12,"fishbase.bayes","TL",1,"S","S"
264,"Blenniidae","","Parablennius thysanius",1,2,"N","","H","Hother","H","PRIMARY",0,"R","8","7","7","na","na",7,40.1,FALSE,FALSE,FALSE,NA,NA,NA,NA,NA,NA,NA,NA,NA,NA,0.01048,2.98,"fishbase.bayes","TL",0,"S","S"
265,"Cirrhitidae","PAAR","Paracirrhites arcatus",1,2,"N","","MI","MI","S","SECONDARY",0,"R","13","20","20","14","did_not_look",20,20,FALSE,FALSE,FALSE,-4.099550152,0.073281771,-24.03791503,2.9e-44,8.36e-67,106,0.943722524,8.36e-67,0.164683073,1.013652614,0.016806494,3.060324479,"donovan","TL",1,"S","S"
266,"Cirrhitidae","PAFO","Paracirrhites forsteri",1,2,"N","","P","P","P","SECONDARY",0,"R","20","22","22","23","did_not_look",23,10,TRUE,FALSE,FALSE,-4.189923119,0.030527815,-49.3258324,3.09e-120,2.89e-185,220,0.979175443,2.89e-185,0.103077243,1.005326595,0.015228134,3.090767523,"donovan","TL",1,"S","S"
267,"Pinguipedidae","PASC","Parapercis schauinslandii",1,2,"N","","MI","MI","S","SECONDARY",0,"S1","13","18","18","13","did_not_look",18,4,FALSE,FALSE,FALSE,NA,NA,NA,NA,NA,NA,NA,NA,NA,NA,0.0102,3.0463,"FB value for genus","TL",1,"S","S"
268,"Mugiloididae","","Parapercis species",1,2,"N","","MI","MI","S","SECONDARY",0,"S1","20","","","28","did_not_look",28,4,FALSE,FALSE,FALSE,NA,NA,NA,NA,NA,NA,NA,NA,NA,NA,0.0102,3.0463,"FB value for genus","TL",0,"S","S"
269,"Mullidae","","Parupeneus chrysonemus",1,8,"Y","","MI","MI","S","SECONDARY",1,"S2","50","20","20","na","na",20,50.1,FALSE,TRUE,TRUE,NA,NA,NA,NA,NA,NA,NA,NA,NA,NA,0.00959,3.11,"fishbase.bayes","TL",1,"S","S"
270,"Mullidae","PACY","Parupeneus cyclostomus",1,2,"Y","P. chyserydros","P","P","P","SECONDARY",0,"S2","50","50","50","50","did_not_look",50,50,FALSE,TRUE,TRUE,-4.880931566,0.024673848,-61.33964746,3.08e-96,3.76e-136,129,0.992318954,3.76e-136,0.108175973,1.005868171,0.007634479,3.160488402,"donovan","TL",1,"S","S"
271,"Mullidae","PAIN","Parupeneus insularis",1,3,"Y","","MI","MI","S","SECONDARY",0,"S1","35","30","30","32","did_not_look",32,50,FALSE,TRUE,TRUE,-5.008616438,0.078917903,-20.38802373,7.35e-28,4.39e-44,59,0.967435055,4.39e-44,0.132057178,1.008757675,0.006738642,3.247496568,"donovan","TL",1,"S","S"
272,"Mullidae","PAMU","Parupeneus multifasciatus",1,2,"Y","","MI","MI","S","SECONDARY",0,"S1","25","35","35","30","did_not_look",35,50,FALSE,TRUE,TRUE,-4.690097212,0.025180663,-61.68332359,0,0,983,0.939958999,0,0.169595372,1.014485203,0.009318851,3.120557328,"donovan","TL",1,"S","S"
273,"Mullidae","PAPL","Parupeneus pleurostigma",1,2,"Y","","MI","MI","S","SECONDARY",0,"S1","22","33","33","33","did_not_look",33,50,FALSE,TRUE,TRUE,-4.596397677,0.016865993,-86.68415011,1.13e-237,0,350,0.989728627,0,0.083952132,1.003530197,0.010123724,3.088483989,"donovan","TL",1,"S","S"
274,"Mullidae","PAPO","Parupeneus porphyreus",1,8,"Y","","MI","MI","S","SECONDARY",1,"S1","55","51","51","na","39",51,50,FALSE,TRUE,TRUE,-4.625163295,0.028151856,-49.32724119,3.97e-106,1.97e-167,181,0.985841384,1.97e-167,0.165335225,1.013761701,0.009936947,3.142871818,"donovan","TL",1,"S","S"
274.1,"Mullidae","PASP","Parupeneus species",1,2,"Y","","MI","MI","S","SECONDARY",0,"S1","55","51","51","50","did_not_look",51,50,FALSE,TRUE,TRUE,NA,NA,NA,NA,NA,NA,NA,NA,NA,NA,0.00959,3.11,"fishbase.bayes","TL",0,NA,NA
275,"Monacanthidae","PEAS","Pervagor aspricaudus",1,2,"N","","H","Hother","H","PRIMARY",0,"S1","13","13","13","12","did_not_look",13,5,FALSE,FALSE,FALSE,NA,NA,NA,NA,NA,NA,NA,NA,NA,NA,0.0223,2.92,"fishbase.bayes","TL",1,"S","S"
276,"Monacanthidae","PESP","Pervagor spilosoma",1,8,"N","","H","Hother","H","PRIMARY",1,"S1","20","18","18","na","18",18,5,FALSE,FALSE,FALSE,-4.198335886,0.071053763,-24.82101385,4.68e-43,4.73e-64,96,0.952626549,4.73e-64,0.094765526,1.004500349,0.01508815,3.089191562,"donovan","TL",1,"S","S"
277,"Blenniidae","PLEW","Plagiotremus ewaensis",1,8,"N","","P","P","P","SECONDARY",1,"R","10","11","11","12","did_not_look",12,40,FALSE,FALSE,FALSE,NA,NA,NA,NA,NA,NA,NA,NA,NA,NA,0.0018,3.581,"Kulbicki Plagiotremus spp.","FL",1,"S","S"
278,"Blenniidae","PLGO","Plagiotremus goslinei",1,8,"N","","P","P","P","SECONDARY",1,"R","10","7","7","11","did_not_look",11,40,FALSE,FALSE,FALSE,NA,NA,NA,NA,NA,NA,NA,NA,NA,NA,0.0018,3.581,"Kulbicki Plagiotremus spp.","FL",1,"S","S"
279,"Belonidae","PLAR","Platybelone argalus",1,1,"N","Belone platyura","P","P","P","SECONDARY",0,"T","35","50","50","45","did_not_look",50,10,FALSE,FALSE,FALSE,NA,NA,NA,NA,NA,NA,NA,NA,NA,NA,0.0011,3.101,"cred","FL",1,"S","S"
280,"Pomacentridae","PLIM","Plectroglyphidodon imparipennis",1,2,"N","","MI","MI","S","SECONDARY",0,"R","10","6","6","6","did_not_look",6,300,FALSE,FALSE,FALSE,NA,NA,NA,NA,NA,NA,NA,NA,NA,NA,0.0152,2.99,"fishbase.bayes","TL",1,"S","S"
281,"Pomacentridae","PLJO","Plectroglyphidodon johnstonianus",1,2,"N","","C","C","S","SECONDARY",0,"R","8","14","14","na","13",14,300,FALSE,FALSE,FALSE,-4.327752026,0.18930218,-11.26535202,2.22e-07,2.36e-09,13,0.964965066,2.36e-09,0.115786068,1.006725724,0.013285942,3.295012767,"donovan","TL",1,"S","S"
282,"Pomacentridae","PLSI","Plectroglyphidodon sindonis",1,8,"N","","H","Hother","H","PRIMARY",1,"R","15","10","10","na","13",13,300,FALSE,FALSE,FALSE,NA,NA,NA,NA,NA,NA,NA,NA,NA,NA,0.0222,2.98,"fishbase.bayes","TL",1,"S","S"
283,"Gobiidae","","Pleurosicya micheli",1,2,"N","","C","C","S","SECONDARY",0,"R","4","3","3","3","did_not_look",3,10.1,FALSE,FALSE,FALSE,NA,NA,NA,NA,NA,NA,NA,NA,NA,NA,0.0088,3.06,"fishbase.bayes","TL",0,"S","S"
284,"Polynemidae","POSE","Polydactylus sexfilis",0,2,"Y","","MI","MI","S","SECONDARY",0,"S2","65","61","61","60","did_not_look",61,5,FALSE,TRUE,TRUE,NA,NA,NA,NA,NA,NA,NA,NA,NA,NA,0.0135,3.117,"Kulbicki Polydactylus microstoma","FL",1,NA,NA
285,"Priacanthidae","PRME","Priacanthus meeki",1,8,"Y","","Z","Z","Z","SECONDARY",1,"R","35","33","33","40","did_not_look",40,5,FALSE,TRUE,TRUE,-4.359231227,0.030138082,-47.49261618,1.35e-118,3.44e-188,225,0.978616257,3.44e-188,0.136453443,1.009353242,0.012907826,3.044615071,"donovan","TL",1,"S","S"
286,"Priacanthidae","PRSP","Priacanthus species",1,8,"Y","","Z","Z","Z","SECONDARY",0,"R","40","51","51","40","did_not_look",51,5,FALSE,TRUE,TRUE,NA,NA,NA,NA,NA,NA,NA,NA,NA,NA,0.02939,2.80679,"Kulbicki 2005","FL",0,"S","S"
287,"Gobiidae","PRAU","Priolepis aureoviridis",1,6,"N","","H","Hother","H","PRIMARY",0,"S1","10","7","7","na","13",13,10.1,FALSE,FALSE,FALSE,NA,NA,NA,NA,NA,NA,NA,NA,NA,NA,0.0088,3.06,"fishbase.bayes","TL",0,"S","S"
288,"Gobiidae","PREU","Priolepis eugenius",1,8,"N","","SI","SI","S","SECONDARY",1,"R","10","6","6","na","na",6,10,FALSE,FALSE,FALSE,NA,NA,NA,NA,NA,NA,NA,NA,NA,NA,0.0216,2.76,"fishbase.bayes","TL",0,"S","S"
33,"Apogonidae","APKA","Pristiapogon kallopterus",1,2,"N","A. snyderi; A. kallopterus","MI","MI","S","SECONDARY",0,"R","12","16","16","16","did_not_look",16,15,FALSE,FALSE,FALSE,-4.629892579,0.065451065,-30.35537218,7.19e-56,6.38e-77,114,0.954369327,6.38e-77,0.116337323,1.006790136,0.00982205,3.167783774,"donovan","TL",1,"S","S"
290,"Apogonidae","APME","Pristiapogon taeniopterus",1,2,"N","","MI","MI","S","SECONDARY",0,"R","20","20","20","20","did_not_look",20,30.1,FALSE,FALSE,FALSE,NA,NA,NA,NA,NA,NA,NA,NA,NA,NA,0.01121,3.18,"used PREU","TL",1,"S","S"
291,"Holocentridae","PROL","Pristilepis oligolepis",1,5,"N","","Z","Z","Z","SECONDARY",0,"R","30","30","30","na","na",30,25,FALSE,TRUE,FALSE,NA,NA,NA,NA,NA,NA,NA,NA,NA,NA,0.01784,3.05,"fishbase.bayes","TL",1,"S","S"
292,"Anthias (Serranid)","PSBI","Pseudanthias bicolor",1,2,"N","","Z","Z","Z","SECONDARY",0,"S1","12","13","13","13","did_not_look",13,300,FALSE,FALSE,FALSE,NA,NA,NA,NA,NA,NA,NA,NA,NA,NA,0.01369,3.14874,"FB value for PSPA","TL",1,"S","S"
293,"Anthias (Serranid)","","Pseudanthias hawaiiensis",1,8,"N","","Z","Z","Z","SECONDARY",1,"S1","15","8","8","7","did_not_look",8,300,TRUE,FALSE,NA,NA,NA,NA,NA,NA,NA,NA,NA,NA,NA,0.01369,3.14874,"FB value for PSPA","TL",1,"S","S"
294,"Anthias (Serranid)","PSTH","Pseudanthias thompsoni",1,8,"N","","Z","Z","Z","SECONDARY",1,"S1","25","22","22","na","22",22,300,FALSE,FALSE,FALSE,NA,NA,NA,NA,NA,NA,NA,NA,NA,NA,0.01369,3.14874,"FB value for PSPA","TL",1,"S","S"
295,"Carangidae","PSDE","Pseudocaranx dentex",1,8,"Y","","P","P","APEX","APEX",0,"T","82","122","122","82","did_not_look",122,50,FALSE,TRUE,TRUE,NA,NA,NA,NA,NA,NA,NA,NA,NA,NA,0.015,2.94,"fishbase.bayes","TL",1,"P","P"
296,"Labridae","PSEV","Pseudocheilinus evanidus",1,2,"N","","MI","MI","S","SECONDARY",0,"S1","8","9","9","10","did_not_look",10,20,FALSE,FALSE,FALSE,NA,NA,NA,NA,NA,NA,NA,NA,NA,NA,0.01061,3.04,"fishbase.bayes","TL",1,"S","S"
297,"Labridae","PSOC","Pseudocheilinus octotaenia",1,2,"N","","MI","MI","S","SECONDARY",0,"S1","10","14","14","12","did_not_look",14,20,TRUE,FALSE,FALSE,NA,NA,NA,NA,NA,NA,NA,NA,NA,NA,0.0106,3.04,"fishbase.bayes","TL",1,"S","S"
298,"Labridae","PSTE","Pseudocheilinus tetrataenia",1,5,"N","","MI","MI","S","SECONDARY",0,"S1","6","8","8","7","did_not_look",8,20,TRUE,FALSE,FALSE,NA,NA,NA,NA,NA,NA,NA,NA,NA,NA,0.01061,3.04,"fishbase.bayes","TL",1,"S","S"
299,"Labridae","PSCE","Pseudojuloides cerasinus",1,2,"N","","MI","MI","S","SECONDARY",0,"S1","15","13","na","12","did_not_look",13,20,TRUE,FALSE,FALSE,NA,NA,NA,NA,NA,NA,NA,NA,NA,NA,0.0106,3.04,"fishbase.bayes","TL",1,"S","S"
299.5,"Labridae","PSSP","Pseudojuloides species",1,2,"N","","MI","MI","S","SECONDARY",0,"S1","15","13","na","12","did_not_look",13,20,TRUE,FALSE,FALSE,NA,NA,NA,NA,NA,NA,NA,NA,NA,NA,0.0106,3.04,"fishbase.bayes","TL",0,NA,NA
300,"Gobiidae","PSMA","Psilogobius mainlandi",1,8,"N","","SI","SI","S","SECONDARY",1,"R","5","4","4","na","na",4,10,FALSE,FALSE,FALSE,NA,NA,NA,NA,NA,NA,NA,NA,NA,NA,0.0216,2.76,"fishbase.bayes","TL",0,"S","S"
301,"Microdesmidae","PTHE","Ptereleotris heteroptera",1,2,"N","","Z","Z","Z","SECONDARY",0,"S1","10","14","14","12","did_not_look",14,5,FALSE,FALSE,FALSE,NA,NA,NA,NA,NA,NA,NA,NA,NA,NA,0.00389,3.12,"fishbase.bayes","TL",1,"S","S"
302,"Scorpaenidae","PTSP","Pterois sphex",1,8,"N","","P","P","P","SECONDARY",1,"R","25","22","22","na","21",22,2,FALSE,FALSE,FALSE,NA,NA,NA,NA,NA,NA,NA,NA,NA,NA,0.00858,3.08,"fishbase.bayes","TL",1,"S","S"
303,"Balistidae","RHAC","Rhinecanthus aculeatus",1,2,"N","","MI","MI","S","SECONDARY",0,"S1","25","30","30","25","did_not_look",30,25,FALSE,FALSE,FALSE,NA,NA,NA,NA,NA,NA,NA,NA,NA,NA,0.01743,2.95,"fishbase.bayes","TL",1,"S","S"
304,"Balistidae","RHRE","Rhinecanthus rectangulus",1,2,"N","","MI","MI","S","SECONDARY",0,"S1","23","30","30","25","did_not_look",30,25,FALSE,FALSE,FALSE,NA,NA,NA,NA,NA,NA,NA,NA,NA,NA,0.0237,2.95,"fishbase.bayes","TL",1,"S","S"
372,"Scombridae","SAOR","Sarda orientalis",0,1,"Y","","P","P","APEX","APEX",0,"T","100","102","102","na","102",102,50,FALSE,TRUE,TRUE,NA,NA,NA,NA,NA,NA,NA,NA,NA,NA,0.00977,3.04,"fishbase.bayes","TL",1,"P","P"
305,"Holocentridae","SADI","Sargocentron diadema",1,2,"N","Adioryx diadema","MI","MI","S","SECONDARY",0,"R","17","17","17","17","did_not_look",17,25,FALSE,TRUE,TRUE,-4.454687517,0.034197193,-50.09241223,1.59e-102,4.41e-144,169,0.980157025,4.41e-144,0.099217019,1.004934141,0.011681306,3.105940505,"donovan","TL",1,"S","S"
306,"Holocentridae","SAEN","Sargocentron ensifer",1,5,"Y","Adioryx ensifer","MI","MI","S","SECONDARY",0,"R","25","23","23","25","did_not_look",25,25,FALSE,TRUE,TRUE,NA,NA,NA,NA,NA,NA,NA,NA,NA,NA,0.01784,3.05,"fishbase.bayes","TL",1,"S","S"
307,"Holocentridae","SAPU","Sargocentron punctatissimum",1,2,"N","Holocentrus lacteoguttatus","MI","MI","S","SECONDARY",0,"R","13","23","23","13","did_not_look",23,25,FALSE,TRUE,TRUE,NA,NA,NA,NA,NA,NA,NA,NA,NA,NA,0.0122,3.01,"fishbase.bayes","TL",1,"S","S"
308,"Holocentridae","","Sargocentron species",1,2,"Y","","MI","MI","S","SECONDARY",0,"R","50","51","51","45","did_not_look",51,25,FALSE,TRUE,TRUE,NA,NA,NA,NA,NA,NA,NA,NA,NA,NA,0.048161967,2.873582155,"avg","TL",0,"S","S"
309,"Holocentridae","SASP","Sargocentron spiniferum",1,2,"Y","Adioryx spinfer","MI","MI","S","SECONDARY",0,"R","35","51","51","45","did_not_look",51,25,FALSE,TRUE,TRUE,-3.302680208,0.153872859,-6.025862461,6.78e-08,6.64e-29,73,0.828595508,6.64e-29,0.081762264,1.003348126,0.036907604,2.850699153,"donovan","TL",1,"S","S"
310,"Holocentridae","SATI","Sargocentron tiere",1,2,"Y","","MI","MI","S","SECONDARY",0,"R","33","33","33","33","did_not_look",33,25,FALSE,TRUE,TRUE,-1.672046517,0.072456365,-6.930294408,4.05e-08,4.7e-28,38,0.966096299,4.7e-28,0.102660631,1.005283511,0.188854781,2.320675653,"donovan","TL",1,"S","S"
311,"Holocentridae","SAXA","Sargocentron xantherythrum",1,8,"N","Adioryx xantherythrus","MI","MI","S","SECONDARY",1,"R","20","17","17","na","17",17,25,FALSE,TRUE,TRUE,-3.849565706,0.116115791,-13.32266586,7.46e-20,4.28e-34,64,0.909825071,4.28e-34,0.136456085,1.009353606,0.021488109,2.90417762,"donovan","TL",1,"S","S"
312,"Synodontidae","SAFL","Saurida flamma",1,5,"N","","P","P","P","SECONDARY",0,"S2","35","31","31","33","did_not_look",33,5,FALSE,FALSE,FALSE,NA,NA,NA,NA,NA,NA,NA,NA,NA,NA,0.00728,3.02,"fishbase.bayes","TL",1,"P","P"
313,"Synodontidae","SAGR","Saurida gracilis",1,2,"N","","P","P","P","SECONDARY",0,"S2","20","32","32","28","did_not_look",32,5,FALSE,FALSE,FALSE,-5.109997453,0.050170731,-35.26441215,2.72e-70,8.47e-102,138,0.966062615,8.47e-102,0.157454126,1.012473049,0.006111387,3.121643689,"donovan","TL",1,"P","P"
314,"Synodontidae","","Saurida species",1,2,"N","","P","P","S","SECONDARY",0,"S2","20","32","32","33","did_not_look",33,5.1,FALSE,FALSE,FALSE,NA,NA,NA,NA,NA,NA,NA,NA,NA,NA,0.00728,3.02,"fishbase.bayes","TL",0,"P","P"
315,"Scaridae","SCDU","Scarus dubius",1,8,"Y","","H","Hscex","H","PRIMARY",1,"S2","40","36","36","30","did_not_look",36,30,FALSE,TRUE,TRUE,-4.154220405,0.058981053,-24.34453201,8.75e-25,4.41e-37,40,0.986408431,4.41e-37,0.12173942,1.007437767,0.015814783,3.097404382,"donovan","TL",1,"Hscex","Hscex"
316,"Scaridae","SCPS","Scarus psittacus",1,2,"Y","","H","Hscex","H","PRIMARY",0,"S2","27","30","34","30","did_not_look",34,30,FALSE,TRUE,TRUE,NA,NA,NA,NA,NA,NA,NA,NA,NA,NA,0.0157,3.06,"fishbase.bayes","TL",1,"Hscex","Hscex"
317,"Scaridae","SCRU","Scarus rubroviolaceus",1,2,"Y","","H","Hscex","H","PRIMARY",0,"S2","65","70","70","70","did_not_look",70,30,FALSE,TRUE,TRUE,NA,NA,NA,NA,NA,NA,NA,NA,NA,NA,0.0124,3.05,"fishbase.bayes","TL",1,"Hscex","Hscex"
318,"Scaridae","SCSP","Scarus species",1,2,"Y","","H","Hother","H","PRIMARY",0,"S2","45","70","70","70","did_not_look",70,30,FALSE,TRUE,TRUE,NA,NA,NA,NA,NA,NA,NA,NA,NA,NA,0.014638261,3.069134794,"avg","TL",0,"Hscex","Hscex"
319,"Carangidae","SCLY","Scomberoides lysan",1,2,"Y","S. sancti-petri","P","P","APEX","APEX",0,"T","70","110","110","67","did_not_look",110,20,FALSE,TRUE,TRUE,0.48870512,0.141853161,1.05989263,0.295713686,1.09e-14,41,0.787496363,1.09e-14,0.15026654,1.011353989,0.0114,2.87,"fishbase.bayes","TL",1,"P","P"
372.5,"Scombridae","SCOM","Scombridae species",0,1,"Y","","P","P","APEX","APEX",0,"T","100","110","110","na","na",110,50,FALSE,TRUE,TRUE,NA,NA,NA,NA,NA,NA,NA,NA,NA,NA,0.01018,3.066666667,"avg of three other scombridaes","TL",0,NA,NA
320,"Scorpaenidae","SCKE","Scorpaenodes kelloggi",1,2,"N","","MI","MI","S","SECONDARY",0,"R","10","5","5","5","did_not_look",5,2,FALSE,FALSE,FALSE,-4.530022967,0.202134579,-19.83551666,3.18e-17,4.81e-15,28,0.908919879,4.81e-15,0.213699828,1.023096495,0.011029419,3.255954207,"donovan","TL",1,"S","S"
321,"Scorpaenidae","SCPA","Scorpaenodes parvipinnis",1,2,"N","","MI","MI","S","SECONDARY",0,"R","12","14","14","13","did_not_look",14,2,FALSE,FALSE,FALSE,NA,NA,NA,NA,NA,NA,NA,NA,NA,NA,0.02003,3,"fishbase.bayes","TL",1,"S","S"
322,"Scorpaenidae","","Scorpaenopsis brevifrons",1,8,"N","","P","P","S","SECONDARY",1,"R","20","14","14","9","did_not_look",14,2,FALSE,FALSE,FALSE,NA,NA,NA,NA,NA,NA,NA,NA,NA,NA,0.00858,3.08,"fishbase.bayes","TL",1,"S","S"
323,"Scorpaenidae","SCCA","Scorpaenopsis cacopsis",1,8,"Y","","P","P","P","SECONDARY",1,"R","20","51","51","na","51",51,2,FALSE,FALSE,FALSE,-4.176084419,0.025112896,-57.11400882,2.36e-31,3.64e-41,31,0.998144244,3.64e-41,0.098686144,1.004881353,0.015433498,3.136404178,"donovan","TL",1,"S","S"
324,"Scorpaenidae","SCDI","Scorpaenopsis diabolus",1,2,"Y","","P","P","P","SECONDARY",0,"R","20","30","30","24","did_not_look",30,2,FALSE,FALSE,FALSE,-4.437146547,0.059628784,-25.90394229,6.83e-46,1.53e-76,101,0.96906861,1.53e-76,0.162679835,1.0133203,0.01198722,3.320864024,"donovan","TL",1,"S","S"
325,"Scorpaenidae","","Scorpaenopsis species",1,2,"N","","P","P","S","SECONDARY",0,"R","20","51","51","","did_not_look",51,2,FALSE,FALSE,FALSE,NA,NA,NA,NA,NA,NA,NA,NA,NA,NA,0.013412027,3.158644482,"avg","TL",0,"S","S"
326,"Muraenidae","","Scuticaria okinawae",0,2,"N","","P","P","S","SECONDARY",0,"R","100","91","91","91","did_not_look",91,3.1,FALSE,FALSE,FALSE,NA,NA,NA,NA,NA,NA,NA,NA,NA,NA,0.00111,3.06,"fishbase.bayes","TL",0,"P","P"
327,"Muraenidae","SCTI","Scuticaria tigrina",0,2,"N","","P","P","P","SECONDARY",0,"R","120","140","140","120","did_not_look",140,2,FALSE,FALSE,FALSE,NA,NA,NA,NA,NA,NA,NA,NA,NA,NA,0.00111,3.06,"fishbase.bayes","TL",0,"P","P"
328,"Scorpaenidae","SEBA","Sebastapistes ballieui",1,8,"N","Scorpaena ballieui","MI","MI","S","SECONDARY",1,"R","15","12","12","10","did_not_look",12,2,FALSE,FALSE,FALSE,-4.693665457,0.066954529,-35.12647841,7.66e-75,1.44e-97,154,0.944887488,1.44e-97,0.209822423,1.022256792,0.009356792,3.417957846,"donovan","TL",1,"S","S"
329,"Scorpaenidae","SECO","Sebastapistes coniorta",1,6,"N","Scorpaena coriorta","MI","MI","S","SECONDARY",0,"R","15","10","10","10","did_not_look",10,2,FALSE,FALSE,FALSE,-3.984352317,0.099056779,-21.09856218,1.3e-25,3.22e-33,49,0.954628198,3.22e-33,0.168842008,1.014355882,0.018871574,3.114994205,"donovan","TL",1,"S","S"
330,"Scorpaenidae","","Sebastapistes species",1,6,"N","","MI","MI","S","SECONDARY",0,"R","15","12","12","10","did_not_look",12,2,FALSE,FALSE,FALSE,NA,NA,NA,NA,NA,NA,NA,NA,NA,NA,0.014114183,3.266476025,"avg","TL",0,"S","S"
331,"Carangidae","SECR","Selar crumenophthalmus",0,1,"Y","Trachurops crumenopthalmus","Z","Z","Z","SECONDARY",0,"T","30","70","70","30","did_not_look",70,10,FALSE,TRUE,TRUE,NA,NA,NA,NA,NA,NA,NA,NA,NA,NA,0.0141,2.95,"fishbase.bayes","TL",1,NA,NA
332,"Carangidae","SEDU","Seriola dumerili",1,1,"Y","","P","P","APEX","APEX",0,"T","190","190","190","188","did_not_look",190,20,FALSE,TRUE,TRUE,NA,NA,NA,NA,NA,NA,NA,NA,NA,NA,0.0143,2.93,"fishbase.bayes","TL",1,"P","P"
333,"Carangidae","","Seriola rivoliana",1,1,"Y","","P","P","APEX","APEX",0,"T","100","160","160","120","did_not_look",160,20.1,FALSE,TRUE,TRUE,NA,NA,NA,NA,NA,NA,NA,NA,NA,NA,0.01654,2.93,"fishbase.bayes","TL",1,"P","P"
334,"Sphyraenidae","SPBA","Sphyraena barracuda",1,1,"Y","","P","P","APEX","APEX",0,"T","180","200","200","170","did_not_look",200,100,FALSE,TRUE,TRUE,NA,NA,NA,NA,NA,NA,NA,NA,NA,NA,0.00828,2.93,"fishbase.bayes","TL",1,"P","P"
335,"Sphyraenidae","","Sphyraena helleri",1,2,"N","","P","P","APEX","APEX",0,"T","80","80","80","80","did_not_look",80,300,FALSE,TRUE,TRUE,NA,NA,NA,NA,NA,NA,NA,NA,NA,NA,0.00735,2.92,"fishbase.bayes","TL",1,"P","P"
336,"Sphyrnidae","SPLE","Sphyrna lewini",1,1,"Y","","P","P","APEX","APEX",0,"T","400","430","430","400","did_not_look",430,100,FALSE,FALSE,FALSE,NA,NA,NA,NA,NA,NA,NA,NA,NA,NA,0.00348,3.15,"fishbase.bayes","TL",1,"P","P"
337,"Clupeidae","","Spratelloides delicatulus",0,2,"N","","Z","Z","Z","Z",0,"T","7","7","7","9","did_not_look",9,300,FALSE,FALSE,FALSE,NA,NA,NA,NA,NA,NA,NA,NA,NA,NA,0.00318,3.16,"fishbase.bayes","TL",1,NA,NA
338,"Pomacentridae","STFA","Stegastes marginatus",1,8,"N","Pomacentrus jenkinsi","H","Hother","H","PRIMARY",0,"R","16","na","17","16","did_not_look",17,300,FALSE,FALSE,FALSE,-4.815080636,0.189001906,-11.049072,1.88e-09,5.09e-13,20,0.948208375,5.09e-13,0.142961069,1.010271325,0.008189834,3.431030361,"donovan","TL",1,"S","S"
339,"Labridae","STBA","Stethojulis balteata",1,8,"N","","MI","MI","S","SECONDARY",1,"S1","15","15","15","na","16",16,20,FALSE,FALSE,FALSE,-4.430165025,0.065829363,-27.17987503,5.47e-59,3.76e-91,148,0.940118004,3.76e-91,0.168506125,1.014298415,0.012082854,3.15165835,"donovan","TL",1,"S","S"
340,"Balistidae","SUBU","Sufflamen bursa",1,2,"N","","MI","MI","S","SECONDARY",0,"S1","23","25","25","24","did_not_look",25,25,TRUE,FALSE,FALSE,-3.449277983,0.031540662,-38.89400934,1.06e-84,7.48e-143,166,0.980883165,7.48e-143,0.10831226,1.00588301,0.03195546,2.893299362,"donovan","TL",1,"S","S"
341,"Balistidae","SUFR","Sufflamen fraenatum",1,2,"N","","MI","MI","S","SECONDARY",0,"S2","30","38","38","38","did_not_look",38,25,FALSE,FALSE,FALSE,NA,NA,NA,NA,NA,NA,NA,NA,NA,NA,0.02357,2.96,"fishbase.bayes","TL",1,"S","S"
342,"Syngnathidae","","Syngnathidae species",1,2,"N","","Z","Z","Z","SECONDARY",0,"S1","100","30","30","30","did_not_look",30,2,FALSE,FALSE,FALSE,NA,NA,NA,NA,NA,NA,NA,NA,NA,NA,0.00848,3.0777,"Kulbicki 2005","FL",0,"S","S"
349,"Synodontidae","","Synodontidae species",1,2,"N","","P","P","S","SECONDARY",0,"S2","40","40","40","33","did_not_look",40,5,FALSE,FALSE,FALSE,NA,NA,NA,NA,NA,NA,NA,NA,NA,NA,0.01226334,3.204189461,"avg","TL",0,"P","P"
343,"Synodontidae","SYBI","Synodus binotatus",1,2,"N","","P","P","P","SECONDARY",0,"S2","14","18","18","18","did_not_look",18,5,FALSE,FALSE,FALSE,-3.879236346,0.165614418,-10.74734314,3.58e-07,1.2e-09,13,0.968993823,1.2e-09,0.142015995,1.010135289,0.020876063,3.070653955,"donovan","TL",1,"P","P"
346.1,"Synodontidae","SYCA","Synodus capricornis",1,2,"N","","P","P","P","SECONDARY",0,"S2","na","na","21","did_not_look","did_not_look",21,5,FALSE,FALSE,FALSE,NA,NA,NA,NA,NA,NA,NA,NA,NA,NA,0.014963189,3.323919392,"avg","TL",1,NA,NA
344,"Synodontidae","SYDE","Synodus dermatogenys",1,2,"N","","P","P","P","SECONDARY",0,"S2","22","24","24","23","did_not_look",24,5,FALSE,FALSE,FALSE,NA,NA,NA,NA,NA,NA,NA,NA,NA,NA,0.00588,3.24,"fishbase.bayes","TL",1,"P","P"
345,"Synodontidae","SYLO","Synodus lobeli",1,4,"N","","P","P","P","SECONDARY",0,"S2","25","24","24","na","na",24,5.1,FALSE,FALSE,FALSE,NA,NA,NA,NA,NA,NA,NA,NA,NA,NA,0.00429,3.17,"fishbase.bayes","TL",1,"P","P"
346,"Synodontidae","SYSP","Synodus species",1,2,"N","","P","P","P","SECONDARY",0,"S2","18","40","40","29","did_not_look",40,5,FALSE,FALSE,FALSE,NA,NA,NA,NA,NA,NA,NA,NA,NA,NA,0.014963189,3.323919392,"avg","TL",0,"P","P"
347,"Synodontidae","SYUL","Synodus ulae",1,4,"N","","P","P","P","SECONDARY",0,"S2","30","30","30","na","na",30,5,FALSE,FALSE,FALSE,-5.311047615,0.204099593,-10.80658691,4.74e-06,1.05e-07,10,0.975142192,1.05e-07,0.136204713,1.009319016,0.004982758,3.61567757,"donovan","TL",1,"P","P"
348,"Synodontidae","SYVA","Synodus variegatus",1,2,"N","","P","P","P","SECONDARY",0,"S2","25","40","40","29","did_not_look",40,5,FALSE,FALSE,FALSE,NA,NA,NA,NA,NA,NA,NA,NA,NA,NA,0.0447,3.27,"fishbase.bayes","TL",1,"P","P"
350,"Scorpaenidae","TATR","Taenianotus triacanthus",1,2,"N","","P","P","P","SECONDARY",0,"R","10","10","10","10","did_not_look",10,2,FALSE,FALSE,FALSE,-3.625113848,0.229530625,-7.562704275,5.41e-07,2.45e-10,20,0.897404926,2.45e-10,0.311379093,1.049672772,0.027969647,2.880101946,"donovan","TL",1,"S","S"
351,"Tetraodontidae","","Tetraodontidae species",1,2,"N","","H","Hother","S","PRIMARY",0,"S1","80","50","50","48","did_not_look",50,3,FALSE,FALSE,FALSE,NA,NA,NA,NA,NA,NA,NA,NA,NA,NA,0.15888063,2.808934914,"avg","TL",0,"S","S"
352,"Labridae","THBA","Thalassoma ballieui",1,8,"Y","","MI","MI","S","SECONDARY",1,"S2","45","40","40","na","39",40,20,FALSE,TRUE,TRUE,-4.139683563,0.011848002,-110.9574701,0,0,836,0.987096284,0,0.115734967,1.006719768,0.016034923,2.992612543,"donovan","TL",1,"S","S"
353,"Labridae","THDU","Thalassoma duperrey",1,8,"N","","MI","MI","S","SECONDARY",1,"S1","30","28","28","na","26",28,50,TRUE,FALSE,TRUE,-3.630636558,0.025535935,-53.11520786,8.27e-174,1.92e-275,367,0.968215135,1.92e-275,0.152592658,1.011710294,0.026809625,2.692613065,"donovan","TL",1,"S","S"
354,"Labridae","THLU","Thalassoma lutescens",1,2,"N","","MI","MI","S","SECONDARY",0,"S1","22","30","30","25","did_not_look",30,60,FALSE,FALSE,FALSE,NA,NA,NA,NA,NA,NA,NA,NA,NA,NA,0.01052,3.04,"fishbase.bayes","TL",1,"S","S"
355,"Labridae","THPU","Thalassoma purpureum",1,2,"Y","","MI","MI","S","SECONDARY",0,"S1","33","46","46","43","did_not_look",46,20,FALSE,TRUE,TRUE,-5.106115308,0.065452391,-24.36369183,4.38e-34,1.92e-53,66,0.975800708,1.92e-53,0.088725836,1.003943894,0.006083475,3.325023639,"donovan","TL",1,"S","S"
356,"Labridae","THQU","Thalassoma quinquevittatum",1,2,"N","","MI","MI","S","SECONDARY",0,"S1","13","17","17","17","did_not_look",17,60,FALSE,FALSE,FALSE,NA,NA,NA,NA,NA,NA,NA,NA,NA,NA,0.0139,3,"fishbase","TL",1,"S","S"
357,"Labridae","","Thalassoma species",1,2,"N","","MI","MI","S","SECONDARY",0,"S1","18","46","46","43","did_not_look",46,20,FALSE,FALSE,FALSE,NA,NA,NA,NA,NA,NA,NA,NA,NA,NA,0.013856337,3.013374874,"avg","TL",0,"S","S"
358,"Labridae","THTR","Thalassoma trilobatum",1,2,"Y","","MI","MI","S","SECONDARY",0,"S2","30","30","30","30","did_not_look",30,20,FALSE,FALSE,FALSE,NA,NA,NA,NA,NA,NA,NA,NA,NA,NA,0.00979,3.03,"fishbase.bayes","TL",1,"S","S"
351.5,"Tetraodontidae","TORA","Torquigener randalli",1,8,"N","","H","Hother","S","PRIMARY",1,"S1","12.7","12.7","12.7","did_not_look","did_not_look",13,10,FALSE,FALSE,FALSE,NA,NA,NA,NA,NA,NA,NA,NA,NA,NA,0.01738,2.9,"fishbase.bayes","TL",1,NA,NA
359,"Synodontidae","TRMY","Trachinocephalus myops",1,1,"N","","P","P","P","SECONDARY",0,"S2","22","40","40","32","did_not_look",40,5.1,FALSE,FALSE,FALSE,NA,NA,NA,NA,NA,NA,NA,NA,NA,NA,0.00627,3.19,"fishbase.bayes","TL",1,"P","P"
360,"Carcharhinidae","TROB","Triaenodon obesus",1,2,"Y","","P","P","APEX","APEX",0,"T","210","213","213","175","did_not_look",213,10,FALSE,FALSE,FALSE,NA,NA,NA,NA,NA,NA,NA,NA,NA,NA,0.00237,3.23,"fishbase.bayes","TL",1,"P","P"
361,"Gobiidae","","Trimma taylori",1,2,"N","","SI","SI","S","SECONDARY",0,"R","5","4","4","3","did_not_look",4,10.1,FALSE,FALSE,FALSE,NA,NA,NA,NA,NA,NA,NA,NA,NA,NA,0.0088,3.06,"fishbase.bayes","TL",0,"S","S"
362,"Belonidae","TYCR","Tylosurus crocodilus",1,1,"N","","P","P","APEX","APEX",0,"T","130","150","150","135","did_not_look",150,10,FALSE,TRUE,TRUE,NA,NA,NA,NA,NA,NA,NA,NA,NA,NA,0.00097,3.13,"fishbase.bayes","TL",1,"P","P"
371,"Unidentified","","Unidentified",0,NA,"N","",NA,NA,"S",NA,0,"","999","910","910","740","did_not_look",910,500,FALSE,FALSE,FALSE,NA,NA,NA,NA,NA,NA,NA,NA,NA,NA,0,0,"0","TL",0,NA,NA
363,"Mullidae","UPAR","Upeneus taeniopterus",1,2,"Y","","MI","MI","S","SECONDARY",0,"S2","33","33","33","30","did_not_look",33,50,FALSE,TRUE,TRUE,NA,NA,NA,NA,NA,NA,NA,NA,NA,NA,0.0103,3.215,"Kulbicki Upeneus mean","FL",1,"S","S"
364,"Labridae","","Wetmorella albofasciata",1,2,"N","","MI","MI","S","SECONDARY",0,"R","6","6","6","6","did_not_look",6,2.1,FALSE,FALSE,FALSE,NA,NA,NA,NA,NA,NA,NA,NA,NA,NA,0.0178,3,"fishbase.bayes","TL",1,"S","S"
365,"Balistidae","XAAU","Xanthichthys auromarginatus",1,2,"N","","Z","Z","Z","SECONDARY",0,"S1","20","30","30","22","did_not_look",30,25,TRUE,FALSE,FALSE,NA,NA,NA,NA,NA,NA,NA,NA,NA,NA,0.02303,2.96,"fishbase.bayes","TL",1,"S","S"
373,"Balistidae","","Xanthichthys caeruleolineatus",1,2,"N","","Z","Z","Z","SECONDARY",0,"S1","35","35","35","42","did_not_look",42,25,FALSE,FALSE,FALSE,NA,NA,NA,NA,NA,NA,NA,NA,NA,NA,0.0257,2.94,"fishbase.bayes","TL",1,"Z","Z"
366,"Balistidae","XAME","Xanthichthys mento",1,5,"N","","Z","Z","Z","SECONDARY",0,"S1","30","na","30","30","did_not_look",30,25,FALSE,FALSE,FALSE,NA,NA,NA,NA,NA,NA,NA,NA,NA,NA,0.02303,2.96,"fishbase.bayes","TL",1,"S","S"
367,"Labridae","","Xyrichtys woodi",1,8,"N","","MI","MI","S","SECONDARY",1,"R","20","20","20","na","na",20,2.1,FALSE,FALSE,FALSE,NA,NA,NA,NA,NA,NA,NA,NA,NA,NA,0.0169,2.84,"fishbase.bayes","TL",1,"S","S"
368,"Zanclidae","ZACO","Zanclus cornutus",1,2,"N","Z. canescens","SI","SI","S","SECONDARY",0,"S1","23","23","23","22","did_not_look",23,20,TRUE,FALSE,TRUE,-3.750678489,0.101566539,-14.81010701,1.76e-20,5.04e-35,55,0.944839582,5.04e-35,0.166485844,1.013955246,0.023829768,3.060228481,"donovan","TL",1,"S","S"
369,"Acanthuridae","ZEFL","Zebrasoma flavescens",1,2,"Y","","H","Hgd","H","PRIMARY",0,"S1","18","20","20","22","did_not_look",22,20,TRUE,FALSE,TRUE,-3.281899426,0.021358109,-56.19088864,5.68e-231,0,556,0.970029857,0,0.084892765,1.003609891,0.037692429,2.859998607,"donovan","TL",1,"Hgd","Hgd"
370,"Acanthuridae","ZEVE","Zebrasoma veliferum",1,2,"Y","","H","Hgd","H","PRIMARY",0,"S1","35","40","40","40","did_not_look",40,20,FALSE,TRUE,TRUE,NA,NA,NA,NA,NA,NA,NA,NA,NA,NA,0.0232,2.94,"fishbase.bayes","TL",1,"Hgd","Hgd"
